--------------------------------------------------------
--  파일이 생성됨 - 수요일-9월-09-2020   
--------------------------------------------------------
--------------------------------------------------------
--  DDL for Sequence SEQ_MNG_NO
--------------------------------------------------------

   CREATE SEQUENCE  "HONEYPOINT"."SEQ_MNG_NO"  MINVALUE 1 MAXVALUE 9999999999999999999999999999 INCREMENT BY 1 START WITH 53 CACHE 20 NOORDER  NOCYCLE ;
--------------------------------------------------------
--  DDL for Table TB_ TMPR _REST_DAY
--------------------------------------------------------

  CREATE TABLE "HONEYPOINT"."TB_ TMPR _REST_DAY" 
   (	"R_NO" VARCHAR2(20 BYTE), 
	"R_ TMPR _REST_DAY" DATE
   ) SEGMENT CREATION IMMEDIATE 
  PCTFREE 10 PCTUSED 40 INITRANS 1 MAXTRANS 255 NOCOMPRESS LOGGING
  STORAGE(INITIAL 65536 NEXT 1048576 MINEXTENTS 1 MAXEXTENTS 2147483645
  PCTINCREASE 0 FREELISTS 1 FREELIST GROUPS 1 BUFFER_POOL DEFAULT FLASH_CACHE DEFAULT CELL_FLASH_CACHE DEFAULT)
  TABLESPACE "SYSTEM" ;

   COMMENT ON COLUMN "HONEYPOINT"."TB_ TMPR _REST_DAY"."R_NO" IS '업체회원번호';
--------------------------------------------------------
--  DDL for Table TB_ALL_INQRY
--------------------------------------------------------

  CREATE TABLE "HONEYPOINT"."TB_ALL_INQRY" 
   (	"I_NO" NUMBER, 
	"INQRY_SE" VARCHAR2(20 BYTE), 
	"INQRY_TITLE" VARCHAR2(50 BYTE), 
	"INQRY_DATE" DATE, 
	"ANSWER_AT" NUMBER DEFAULT 1, 
	"INQRY_CONTENT" VARCHAR2(500 BYTE), 
	"INQRY_PERSON" CHAR(2 BYTE), 
	"INQRY_ANSWER" CHAR(2 BYTE), 
	"M_SE" NUMBER
   ) SEGMENT CREATION IMMEDIATE 
  PCTFREE 10 PCTUSED 40 INITRANS 1 MAXTRANS 255 NOCOMPRESS LOGGING
  STORAGE(INITIAL 65536 NEXT 1048576 MINEXTENTS 1 MAXEXTENTS 2147483645
  PCTINCREASE 0 FREELISTS 1 FREELIST GROUPS 1 BUFFER_POOL DEFAULT FLASH_CACHE DEFAULT CELL_FLASH_CACHE DEFAULT)
  TABLESPACE "SYSTEM" ;

   COMMENT ON COLUMN "HONEYPOINT"."TB_ALL_INQRY"."ANSWER_AT" IS '1. 미답변 2. 답변완료';
   COMMENT ON COLUMN "HONEYPOINT"."TB_ALL_INQRY"."M_SE" IS '1. 일반 2. 맛집 3.관리자';
--------------------------------------------------------
--  DDL for Table TB_AUTH
--------------------------------------------------------

  CREATE TABLE "HONEYPOINT"."TB_AUTH" 
   (	"MENU_ID" NUMBER, 
	"MNG_NO" NUMBER
   ) SEGMENT CREATION IMMEDIATE 
  PCTFREE 10 PCTUSED 40 INITRANS 1 MAXTRANS 255 NOCOMPRESS LOGGING
  STORAGE(INITIAL 65536 NEXT 1048576 MINEXTENTS 1 MAXEXTENTS 2147483645
  PCTINCREASE 0 FREELISTS 1 FREELIST GROUPS 1 BUFFER_POOL DEFAULT FLASH_CACHE DEFAULT CELL_FLASH_CACHE DEFAULT)
  TABLESPACE "SYSTEM" ;

   COMMENT ON COLUMN "HONEYPOINT"."TB_AUTH"."MENU_ID" IS '메뉴ID';
   COMMENT ON COLUMN "HONEYPOINT"."TB_AUTH"."MNG_NO" IS '관리자번호(M{#})';
--------------------------------------------------------
--  DDL for Table TB_BANNER
--------------------------------------------------------

  CREATE TABLE "HONEYPOINT"."TB_BANNER" 
   (	"BNR_NO" NUMBER, 
	"BNR_NM" VARCHAR2(20 BYTE), 
	"BNR_CATEGORY" VARCHAR2(200 BYTE), 
	"BNR_NOTE" VARCHAR2(200 BYTE), 
	"BNR_URL" VARCHAR2(100 BYTE), 
	"BNR_ON" VARCHAR2(20 BYTE) DEFAULT 'N', 
	"BNR_STATUS" VARCHAR2(10 BYTE) DEFAULT 'N'
   ) SEGMENT CREATION IMMEDIATE 
  PCTFREE 10 PCTUSED 40 INITRANS 1 MAXTRANS 255 NOCOMPRESS LOGGING
  STORAGE(INITIAL 65536 NEXT 1048576 MINEXTENTS 1 MAXEXTENTS 2147483645
  PCTINCREASE 0 FREELISTS 1 FREELIST GROUPS 1 BUFFER_POOL DEFAULT FLASH_CACHE DEFAULT CELL_FLASH_CACHE DEFAULT)
  TABLESPACE "SYSTEM" ;

   COMMENT ON COLUMN "HONEYPOINT"."TB_BANNER"."BNR_NO" IS '광고등록번호';
   COMMENT ON COLUMN "HONEYPOINT"."TB_BANNER"."BNR_NM" IS '광고업체이름';
   COMMENT ON COLUMN "HONEYPOINT"."TB_BANNER"."BNR_CATEGORY" IS '광고종류';
   COMMENT ON COLUMN "HONEYPOINT"."TB_BANNER"."BNR_NOTE" IS '광고상세설명';
   COMMENT ON COLUMN "HONEYPOINT"."TB_BANNER"."BNR_URL" IS '이동할링크';
   COMMENT ON COLUMN "HONEYPOINT"."TB_BANNER"."BNR_ON" IS '광고등록상태';
   COMMENT ON COLUMN "HONEYPOINT"."TB_BANNER"."BNR_STATUS" IS '광고삭제여부';
--------------------------------------------------------
--  DDL for Table TB_BANNER_FILE
--------------------------------------------------------

  CREATE TABLE "HONEYPOINT"."TB_BANNER_FILE" 
   (	"BNR_NO" NUMBER, 
	"BNR_FILEPATH" VARCHAR2(100 BYTE), 
	"BNR_ID" VARCHAR2(20 BYTE)
   ) SEGMENT CREATION IMMEDIATE 
  PCTFREE 10 PCTUSED 40 INITRANS 1 MAXTRANS 255 NOCOMPRESS LOGGING
  STORAGE(INITIAL 65536 NEXT 1048576 MINEXTENTS 1 MAXEXTENTS 2147483645
  PCTINCREASE 0 FREELISTS 1 FREELIST GROUPS 1 BUFFER_POOL DEFAULT FLASH_CACHE DEFAULT CELL_FLASH_CACHE DEFAULT)
  TABLESPACE "SYSTEM" ;

   COMMENT ON COLUMN "HONEYPOINT"."TB_BANNER_FILE"."BNR_NO" IS '광고등록번호';
   COMMENT ON COLUMN "HONEYPOINT"."TB_BANNER_FILE"."BNR_FILEPATH" IS '파일경로';
   COMMENT ON COLUMN "HONEYPOINT"."TB_BANNER_FILE"."BNR_ID" IS '광고ID';
--------------------------------------------------------
--  DDL for Table TB_BOARD
--------------------------------------------------------

  CREATE TABLE "HONEYPOINT"."TB_BOARD" 
   (	"B_NO" NUMBER, 
	"M_NO" NUMBER, 
	"B_TYPE" VARCHAR2(50 BYTE), 
	"B_CATEGORY" VARCHAR2(50 BYTE), 
	"B_TITLE" VARCHAR2(100 BYTE), 
	"B_CONTENT" VARCHAR2(1000 BYTE), 
	"B_ENROLL_DATE" DATE DEFAULT SYSDATE, 
	"B_MODIFY_DATE" DATE DEFAULT SYSDATE, 
	"B_COUNT" NUMBER, 
	"B_STATUS" CHAR(2 BYTE) DEFAULT 'N'
   ) SEGMENT CREATION IMMEDIATE 
  PCTFREE 10 PCTUSED 40 INITRANS 1 MAXTRANS 255 NOCOMPRESS LOGGING
  STORAGE(INITIAL 65536 NEXT 1048576 MINEXTENTS 1 MAXEXTENTS 2147483645
  PCTINCREASE 0 FREELISTS 1 FREELIST GROUPS 1 BUFFER_POOL DEFAULT FLASH_CACHE DEFAULT CELL_FLASH_CACHE DEFAULT)
  TABLESPACE "SYSTEM" ;

   COMMENT ON COLUMN "HONEYPOINT"."TB_BOARD"."B_NO" IS '게시글고유번호';
   COMMENT ON COLUMN "HONEYPOINT"."TB_BOARD"."M_NO" IS '게시글 작성자';
   COMMENT ON COLUMN "HONEYPOINT"."TB_BOARD"."B_TYPE" IS '지역,주제,자유';
   COMMENT ON COLUMN "HONEYPOINT"."TB_BOARD"."B_CATEGORY" IS '게시판 카테고리';
   COMMENT ON COLUMN "HONEYPOINT"."TB_BOARD"."B_TITLE" IS '게시글제목';
   COMMENT ON COLUMN "HONEYPOINT"."TB_BOARD"."B_CONTENT" IS '게시글내용';
   COMMENT ON COLUMN "HONEYPOINT"."TB_BOARD"."B_ENROLL_DATE" IS '게시글 작성일자';
   COMMENT ON COLUMN "HONEYPOINT"."TB_BOARD"."B_MODIFY_DATE" IS '게시글 수정일자';
   COMMENT ON COLUMN "HONEYPOINT"."TB_BOARD"."B_COUNT" IS '게시글 조회수';
   COMMENT ON COLUMN "HONEYPOINT"."TB_BOARD"."B_STATUS" IS '게시글삭제여부';
--------------------------------------------------------
--  DDL for Table TB_BOARD_COMMENT
--------------------------------------------------------

  CREATE TABLE "HONEYPOINT"."TB_BOARD_COMMENT" 
   (	"CMT_NO" NUMBER, 
	"M_NO2" NUMBER, 
	"B_NO" NUMBER, 
	"CMT_CONTENT" VARCHAR2(500 BYTE), 
	"CMT_ENROLL_DATE" DATE DEFAULT SYSDATE, 
	"CMT_MODIFY_DATE" DATE, 
	"CMT_STATUS" CHAR(2 BYTE) DEFAULT 'N'
   ) SEGMENT CREATION IMMEDIATE 
  PCTFREE 10 PCTUSED 40 INITRANS 1 MAXTRANS 255 NOCOMPRESS LOGGING
  STORAGE(INITIAL 65536 NEXT 1048576 MINEXTENTS 1 MAXEXTENTS 2147483645
  PCTINCREASE 0 FREELISTS 1 FREELIST GROUPS 1 BUFFER_POOL DEFAULT FLASH_CACHE DEFAULT CELL_FLASH_CACHE DEFAULT)
  TABLESPACE "SYSTEM" ;

   COMMENT ON COLUMN "HONEYPOINT"."TB_BOARD_COMMENT"."M_NO2" IS '회원번호';
   COMMENT ON COLUMN "HONEYPOINT"."TB_BOARD_COMMENT"."B_NO" IS '게시글고유번호';
   COMMENT ON COLUMN "HONEYPOINT"."TB_BOARD_COMMENT"."CMT_STATUS" IS '댓글 삭제여부';
--------------------------------------------------------
--  DDL for Table TB_BOARD_FILE
--------------------------------------------------------

  CREATE TABLE "HONEYPOINT"."TB_BOARD_FILE" 
   (	"B_IMG_NO" NUMBER, 
	"B_NO" NUMBER, 
	"B_STRE_FILE_NM" VARCHAR2(1000 BYTE), 
	"B_IMG_PATH" VARCHAR2(200 BYTE), 
	"B_ORIGIN_FILE_NM" VARCHAR2(1000 BYTE), 
	"B_IMG_SIZE" NUMBER
   ) SEGMENT CREATION IMMEDIATE 
  PCTFREE 10 PCTUSED 40 INITRANS 1 MAXTRANS 255 NOCOMPRESS LOGGING
  STORAGE(INITIAL 65536 NEXT 1048576 MINEXTENTS 1 MAXEXTENTS 2147483645
  PCTINCREASE 0 FREELISTS 1 FREELIST GROUPS 1 BUFFER_POOL DEFAULT FLASH_CACHE DEFAULT CELL_FLASH_CACHE DEFAULT)
  TABLESPACE "SYSTEM" ;

   COMMENT ON COLUMN "HONEYPOINT"."TB_BOARD_FILE"."B_NO" IS '게시글고유번호';
--------------------------------------------------------
--  DDL for Table TB_FAVOR
--------------------------------------------------------

  CREATE TABLE "HONEYPOINT"."TB_FAVOR" 
   (	"R_NO" NUMBER, 
	"M_NO" NUMBER
   ) SEGMENT CREATION IMMEDIATE 
  PCTFREE 10 PCTUSED 40 INITRANS 1 MAXTRANS 255 NOCOMPRESS LOGGING
  STORAGE(INITIAL 65536 NEXT 1048576 MINEXTENTS 1 MAXEXTENTS 2147483645
  PCTINCREASE 0 FREELISTS 1 FREELIST GROUPS 1 BUFFER_POOL DEFAULT FLASH_CACHE DEFAULT CELL_FLASH_CACHE DEFAULT)
  TABLESPACE "SYSTEM" ;

   COMMENT ON COLUMN "HONEYPOINT"."TB_FAVOR"."R_NO" IS '업체회원번호';
   COMMENT ON COLUMN "HONEYPOINT"."TB_FAVOR"."M_NO" IS '회원번호';
--------------------------------------------------------
--  DDL for Table TB_GNRL_MEMBER
--------------------------------------------------------

  CREATE TABLE "HONEYPOINT"."TB_GNRL_MEMBER" 
   (	"M_NO" NUMBER, 
	"M_NICKNAME" VARCHAR2(50 BYTE), 
	"M_BIRTHDAY" NUMBER, 
	"M_PHONE" NUMBER, 
	"M_ADDRESS" VARCHAR2(200 BYTE), 
	"M_GRAD" NUMBER, 
	"M_POINT" NUMBER DEFAULT 0
   ) SEGMENT CREATION IMMEDIATE 
  PCTFREE 10 PCTUSED 40 INITRANS 1 MAXTRANS 255 NOCOMPRESS LOGGING
  STORAGE(INITIAL 65536 NEXT 1048576 MINEXTENTS 1 MAXEXTENTS 2147483645
  PCTINCREASE 0 FREELISTS 1 FREELIST GROUPS 1 BUFFER_POOL DEFAULT FLASH_CACHE DEFAULT CELL_FLASH_CACHE DEFAULT)
  TABLESPACE "SYSTEM" ;

   COMMENT ON COLUMN "HONEYPOINT"."TB_GNRL_MEMBER"."M_NO" IS '회원번호';
   COMMENT ON COLUMN "HONEYPOINT"."TB_GNRL_MEMBER"."M_BIRTHDAY" IS '회원생년월일';
   COMMENT ON COLUMN "HONEYPOINT"."TB_GNRL_MEMBER"."M_PHONE" IS '회원전화번호';
   COMMENT ON COLUMN "HONEYPOINT"."TB_GNRL_MEMBER"."M_ADDRESS" IS '회원주소';
   COMMENT ON COLUMN "HONEYPOINT"."TB_GNRL_MEMBER"."M_GRAD" IS '회원등급';
--------------------------------------------------------
--  DDL for Table TB_INQRY_REPLY
--------------------------------------------------------

  CREATE TABLE "HONEYPOINT"."TB_INQRY_REPLY" 
   (	"RID" NUMBER, 
	"RWRITER" VARCHAR2(20 BYTE), 
	"R_CONTENT" VARCHAR2(600 BYTE), 
	"R_CREATE_DATE" DATE, 
	"R_MODIFY_DATE" DATE, 
	"R_STATUS" VARCHAR2(20 BYTE) DEFAULT 'Y', 
	"I_NO" NUMBER
   ) SEGMENT CREATION IMMEDIATE 
  PCTFREE 10 PCTUSED 40 INITRANS 1 MAXTRANS 255 NOCOMPRESS LOGGING
  STORAGE(INITIAL 65536 NEXT 1048576 MINEXTENTS 1 MAXEXTENTS 2147483645
  PCTINCREASE 0 FREELISTS 1 FREELIST GROUPS 1 BUFFER_POOL DEFAULT FLASH_CACHE DEFAULT CELL_FLASH_CACHE DEFAULT)
  TABLESPACE "SYSTEM" ;

   COMMENT ON COLUMN "HONEYPOINT"."TB_INQRY_REPLY"."RID" IS '댓글번호';
   COMMENT ON COLUMN "HONEYPOINT"."TB_INQRY_REPLY"."RWRITER" IS '작성자 아이디';
   COMMENT ON COLUMN "HONEYPOINT"."TB_INQRY_REPLY"."R_CONTENT" IS '댓글내용';
   COMMENT ON COLUMN "HONEYPOINT"."TB_INQRY_REPLY"."R_CREATE_DATE" IS '댓글작성일';
   COMMENT ON COLUMN "HONEYPOINT"."TB_INQRY_REPLY"."R_MODIFY_DATE" IS '댓글수정일';
   COMMENT ON COLUMN "HONEYPOINT"."TB_INQRY_REPLY"."R_STATUS" IS '댓글삭제여부';
--------------------------------------------------------
--  DDL for Table TB_LOGIN_HISTORY
--------------------------------------------------------

  CREATE TABLE "HONEYPOINT"."TB_LOGIN_HISTORY" 
   (	"M_NO" NUMBER, 
	"NAME" VARCHAR2(40 BYTE), 
	"SORTATION" VARCHAR2(40 BYTE), 
	"L_TIME" DATE
   ) SEGMENT CREATION IMMEDIATE 
  PCTFREE 10 PCTUSED 40 INITRANS 1 MAXTRANS 255 NOCOMPRESS LOGGING
  STORAGE(INITIAL 65536 NEXT 1048576 MINEXTENTS 1 MAXEXTENTS 2147483645
  PCTINCREASE 0 FREELISTS 1 FREELIST GROUPS 1 BUFFER_POOL DEFAULT FLASH_CACHE DEFAULT CELL_FLASH_CACHE DEFAULT)
  TABLESPACE "SYSTEM" ;

   COMMENT ON COLUMN "HONEYPOINT"."TB_LOGIN_HISTORY"."M_NO" IS '회원번호';
   COMMENT ON COLUMN "HONEYPOINT"."TB_LOGIN_HISTORY"."NAME" IS '이름';
   COMMENT ON COLUMN "HONEYPOINT"."TB_LOGIN_HISTORY"."SORTATION" IS '회원구분';
   COMMENT ON COLUMN "HONEYPOINT"."TB_LOGIN_HISTORY"."L_TIME" IS '로그인시간';
--------------------------------------------------------
--  DDL for Table TB_MANAGER
--------------------------------------------------------

  CREATE TABLE "HONEYPOINT"."TB_MANAGER" 
   (	"MNG_NO" NUMBER, 
	"MNG_ID" VARCHAR2(40 BYTE), 
	"MNG_NM" VARCHAR2(20 BYTE), 
	"MNG_POSITION" VARCHAR2(200 BYTE), 
	"MNG_PHONE" VARCHAR2(20 BYTE), 
	"MNG_STATUS" VARCHAR2(20 BYTE) DEFAULT 'Y', 
	"MNG_PWD" VARCHAR2(100 BYTE), 
	"MNG_ENROLL_DATE" DATE
   ) SEGMENT CREATION IMMEDIATE 
  PCTFREE 10 PCTUSED 40 INITRANS 1 MAXTRANS 255 NOCOMPRESS LOGGING
  STORAGE(INITIAL 65536 NEXT 1048576 MINEXTENTS 1 MAXEXTENTS 2147483645
  PCTINCREASE 0 FREELISTS 1 FREELIST GROUPS 1 BUFFER_POOL DEFAULT FLASH_CACHE DEFAULT CELL_FLASH_CACHE DEFAULT)
  TABLESPACE "SYSTEM" ;

   COMMENT ON COLUMN "HONEYPOINT"."TB_MANAGER"."MNG_NO" IS '관리자번호(M{#})';
   COMMENT ON COLUMN "HONEYPOINT"."TB_MANAGER"."MNG_ID" IS '관리자ID';
   COMMENT ON COLUMN "HONEYPOINT"."TB_MANAGER"."MNG_NM" IS '관리자이름';
   COMMENT ON COLUMN "HONEYPOINT"."TB_MANAGER"."MNG_POSITION" IS '관리자 권한';
   COMMENT ON COLUMN "HONEYPOINT"."TB_MANAGER"."MNG_PHONE" IS '전화번호';
   COMMENT ON COLUMN "HONEYPOINT"."TB_MANAGER"."MNG_STATUS" IS '계정ON/OFF상태';
   COMMENT ON COLUMN "HONEYPOINT"."TB_MANAGER"."MNG_PWD" IS '비밀번호';
   COMMENT ON COLUMN "HONEYPOINT"."TB_MANAGER"."MNG_ENROLL_DATE" IS '생성일자
';
--------------------------------------------------------
--  DDL for Table TB_MANAGER_HISTORY
--------------------------------------------------------

  CREATE TABLE "HONEYPOINT"."TB_MANAGER_HISTORY" 
   (	"MNG_ID" VARCHAR2(40 BYTE), 
	"MNG_NM" VARCHAR2(40 BYTE), 
	"L_CATEGORY" VARCHAR2(40 BYTE), 
	"SEARCH" VARCHAR2(30 BYTE), 
	"MNG_CHECK" DATE, 
	"MNG_NO" VARCHAR2(20 BYTE)
   ) SEGMENT CREATION IMMEDIATE 
  PCTFREE 10 PCTUSED 40 INITRANS 1 MAXTRANS 255 NOCOMPRESS LOGGING
  STORAGE(INITIAL 65536 NEXT 1048576 MINEXTENTS 1 MAXEXTENTS 2147483645
  PCTINCREASE 0 FREELISTS 1 FREELIST GROUPS 1 BUFFER_POOL DEFAULT FLASH_CACHE DEFAULT CELL_FLASH_CACHE DEFAULT)
  TABLESPACE "SYSTEM" ;

   COMMENT ON COLUMN "HONEYPOINT"."TB_MANAGER_HISTORY"."MNG_ID" IS '관리자ID';
   COMMENT ON COLUMN "HONEYPOINT"."TB_MANAGER_HISTORY"."MNG_NM" IS '관리자이름';
   COMMENT ON COLUMN "HONEYPOINT"."TB_MANAGER_HISTORY"."L_CATEGORY" IS '회원구분';
   COMMENT ON COLUMN "HONEYPOINT"."TB_MANAGER_HISTORY"."SEARCH" IS '검색및조회대상';
   COMMENT ON COLUMN "HONEYPOINT"."TB_MANAGER_HISTORY"."MNG_CHECK" IS '조회시간';
   COMMENT ON COLUMN "HONEYPOINT"."TB_MANAGER_HISTORY"."MNG_NO" IS '관리자번호(M{#})';
--------------------------------------------------------
--  DDL for Table TB_MANAGER_MENU
--------------------------------------------------------

  CREATE TABLE "HONEYPOINT"."TB_MANAGER_MENU" 
   (	"MENU_ID" NUMBER, 
	"MENU_NM" NUMBER
   ) SEGMENT CREATION IMMEDIATE 
  PCTFREE 10 PCTUSED 40 INITRANS 1 MAXTRANS 255 NOCOMPRESS LOGGING
  STORAGE(INITIAL 65536 NEXT 1048576 MINEXTENTS 1 MAXEXTENTS 2147483645
  PCTINCREASE 0 FREELISTS 1 FREELIST GROUPS 1 BUFFER_POOL DEFAULT FLASH_CACHE DEFAULT CELL_FLASH_CACHE DEFAULT)
  TABLESPACE "SYSTEM" ;

   COMMENT ON COLUMN "HONEYPOINT"."TB_MANAGER_MENU"."MENU_ID" IS '메뉴ID';
   COMMENT ON COLUMN "HONEYPOINT"."TB_MANAGER_MENU"."MENU_NM" IS '메뉴이름';
--------------------------------------------------------
--  DDL for Table TB_MEMBER
--------------------------------------------------------

  CREATE TABLE "HONEYPOINT"."TB_MEMBER" 
   (	"M_NO" NUMBER, 
	"M_ID" VARCHAR2(100 BYTE), 
	"M_NAME" VARCHAR2(20 BYTE), 
	"M_EMAIL" VARCHAR2(200 BYTE), 
	"M_ENROLL_DATE" DATE DEFAULT SYSDATE, 
	"M_MODIFY_DATE" DATE DEFAULT SYSDATE, 
	"M_STATUS" CHAR(2 BYTE) DEFAULT 'N', 
	"R_CONF" CHAR(2 BYTE) DEFAULT 'N', 
	"M_ORIGIN_PF" VARCHAR2(100 BYTE), 
	"M_STRE_PF" VARCHAR2(100 BYTE), 
	"M_SORT_NO" NUMBER
   ) SEGMENT CREATION IMMEDIATE 
  PCTFREE 10 PCTUSED 40 INITRANS 1 MAXTRANS 255 NOCOMPRESS LOGGING
  STORAGE(INITIAL 65536 NEXT 1048576 MINEXTENTS 1 MAXEXTENTS 2147483645
  PCTINCREASE 0 FREELISTS 1 FREELIST GROUPS 1 BUFFER_POOL DEFAULT FLASH_CACHE DEFAULT CELL_FLASH_CACHE DEFAULT)
  TABLESPACE "SYSTEM" ;

   COMMENT ON COLUMN "HONEYPOINT"."TB_MEMBER"."M_NO" IS '회원번호';
   COMMENT ON COLUMN "HONEYPOINT"."TB_MEMBER"."M_ID" IS '회원아이디';
   COMMENT ON COLUMN "HONEYPOINT"."TB_MEMBER"."M_NAME" IS '회원이름';
   COMMENT ON COLUMN "HONEYPOINT"."TB_MEMBER"."M_EMAIL" IS '회원이메일';
   COMMENT ON COLUMN "HONEYPOINT"."TB_MEMBER"."M_ENROLL_DATE" IS '회원가입일자';
   COMMENT ON COLUMN "HONEYPOINT"."TB_MEMBER"."M_MODIFY_DATE" IS '회원정보 최종 수정일자';
   COMMENT ON COLUMN "HONEYPOINT"."TB_MEMBER"."M_STATUS" IS '회원탈퇴여부';
   COMMENT ON COLUMN "HONEYPOINT"."TB_MEMBER"."R_CONF" IS 'Y가입승인 N반려';
   COMMENT ON COLUMN "HONEYPOINT"."TB_MEMBER"."M_ORIGIN_PF" IS '원본파일명';
   COMMENT ON COLUMN "HONEYPOINT"."TB_MEMBER"."M_STRE_PF" IS '저장파일명';
   COMMENT ON COLUMN "HONEYPOINT"."TB_MEMBER"."M_SORT_NO" IS '회원구분';
--------------------------------------------------------
--  DDL for Table TB_MEMBER_SORT
--------------------------------------------------------

  CREATE TABLE "HONEYPOINT"."TB_MEMBER_SORT" 
   (	"M_SORT_NO" NUMBER DEFAULT 1, 
	"M_SORT_CN" VARCHAR2(200 BYTE)
   ) SEGMENT CREATION IMMEDIATE 
  PCTFREE 10 PCTUSED 40 INITRANS 1 MAXTRANS 255 NOCOMPRESS LOGGING
  STORAGE(INITIAL 65536 NEXT 1048576 MINEXTENTS 1 MAXEXTENTS 2147483645
  PCTINCREASE 0 FREELISTS 1 FREELIST GROUPS 1 BUFFER_POOL DEFAULT FLASH_CACHE DEFAULT CELL_FLASH_CACHE DEFAULT)
  TABLESPACE "SYSTEM" ;

   COMMENT ON COLUMN "HONEYPOINT"."TB_MEMBER_SORT"."M_SORT_NO" IS '1.일반 2.맛집 3.관리자';
   COMMENT ON COLUMN "HONEYPOINT"."TB_MEMBER_SORT"."M_SORT_CN" IS '1.일반 2.맛집 3.관리자';
--------------------------------------------------------
--  DDL for Table TB_MEM_SECSN
--------------------------------------------------------

  CREATE TABLE "HONEYPOINT"."TB_MEM_SECSN" 
   (	"M_SECSN" VARCHAR2(400 BYTE), 
	"M_SECSN_DE" DATE, 
	"M_NO" NUMBER
   ) SEGMENT CREATION IMMEDIATE 
  PCTFREE 10 PCTUSED 40 INITRANS 1 MAXTRANS 255 NOCOMPRESS LOGGING
  STORAGE(INITIAL 65536 NEXT 1048576 MINEXTENTS 1 MAXEXTENTS 2147483645
  PCTINCREASE 0 FREELISTS 1 FREELIST GROUPS 1 BUFFER_POOL DEFAULT FLASH_CACHE DEFAULT CELL_FLASH_CACHE DEFAULT)
  TABLESPACE "SYSTEM" ;

   COMMENT ON COLUMN "HONEYPOINT"."TB_MEM_SECSN"."M_SECSN" IS '회원탈퇴사유';
   COMMENT ON COLUMN "HONEYPOINT"."TB_MEM_SECSN"."M_SECSN_DE" IS '회원탈퇴일자';
   COMMENT ON COLUMN "HONEYPOINT"."TB_MEM_SECSN"."M_NO" IS '회원번호';
--------------------------------------------------------
--  DDL for Table TB_MEM_SECSN_CN
--------------------------------------------------------

  CREATE TABLE "HONEYPOINT"."TB_MEM_SECSN_CN" 
   (	"M_SECSN" NUMBER, 
	"M_SECSN_CN" VARCHAR2(400 BYTE)
   ) SEGMENT CREATION IMMEDIATE 
  PCTFREE 10 PCTUSED 40 INITRANS 1 MAXTRANS 255 NOCOMPRESS LOGGING
  STORAGE(INITIAL 65536 NEXT 1048576 MINEXTENTS 1 MAXEXTENTS 2147483645
  PCTINCREASE 0 FREELISTS 1 FREELIST GROUPS 1 BUFFER_POOL DEFAULT FLASH_CACHE DEFAULT CELL_FLASH_CACHE DEFAULT)
  TABLESPACE "SYSTEM" ;

   COMMENT ON COLUMN "HONEYPOINT"."TB_MEM_SECSN_CN"."M_SECSN" IS '사유번호';
   COMMENT ON COLUMN "HONEYPOINT"."TB_MEM_SECSN_CN"."M_SECSN_CN" IS '사유
내용';
--------------------------------------------------------
--  DDL for Table TB_M_PASSWORD
--------------------------------------------------------

  CREATE TABLE "HONEYPOINT"."TB_M_PASSWORD" 
   (	"M_NO" NUMBER, 
	"M_PWD" VARCHAR2(500 BYTE)
   ) SEGMENT CREATION IMMEDIATE 
  PCTFREE 10 PCTUSED 40 INITRANS 1 MAXTRANS 255 NOCOMPRESS LOGGING
  STORAGE(INITIAL 65536 NEXT 1048576 MINEXTENTS 1 MAXEXTENTS 2147483645
  PCTINCREASE 0 FREELISTS 1 FREELIST GROUPS 1 BUFFER_POOL DEFAULT FLASH_CACHE DEFAULT CELL_FLASH_CACHE DEFAULT)
  TABLESPACE "SYSTEM" ;

   COMMENT ON COLUMN "HONEYPOINT"."TB_M_PASSWORD"."M_NO" IS '회원번호';
   COMMENT ON COLUMN "HONEYPOINT"."TB_M_PASSWORD"."M_PWD" IS '비밀번호 암호화';
--------------------------------------------------------
--  DDL for Table TB_PHOTOFILES
--------------------------------------------------------

  CREATE TABLE "HONEYPOINT"."TB_PHOTOFILES" 
   (	"R_PHOTO_FILE_ID" NUMBER, 
	"R_NO" NUMBER, 
	"ORIGIN_FILE_NM" VARCHAR2(100 BYTE), 
	"STRE_FILE_NM" VARCHAR2(100 BYTE), 
	"FILE_STRE_COURS" VARCHAR2(500 BYTE), 
	"IMG_TYPE" NUMBER DEFAULT 2
   ) SEGMENT CREATION IMMEDIATE 
  PCTFREE 10 PCTUSED 40 INITRANS 1 MAXTRANS 255 NOCOMPRESS LOGGING
  STORAGE(INITIAL 65536 NEXT 1048576 MINEXTENTS 1 MAXEXTENTS 2147483645
  PCTINCREASE 0 FREELISTS 1 FREELIST GROUPS 1 BUFFER_POOL DEFAULT FLASH_CACHE DEFAULT CELL_FLASH_CACHE DEFAULT)
  TABLESPACE "SYSTEM" ;

   COMMENT ON COLUMN "HONEYPOINT"."TB_PHOTOFILES"."R_PHOTO_FILE_ID" IS '맛집사진파일ID';
   COMMENT ON COLUMN "HONEYPOINT"."TB_PHOTOFILES"."R_NO" IS '업체회원번호';
   COMMENT ON COLUMN "HONEYPOINT"."TB_PHOTOFILES"."ORIGIN_FILE_NM" IS '원본파일명';
   COMMENT ON COLUMN "HONEYPOINT"."TB_PHOTOFILES"."STRE_FILE_NM" IS '암호화된저장파일명';
   COMMENT ON COLUMN "HONEYPOINT"."TB_PHOTOFILES"."FILE_STRE_COURS" IS '경로';
   COMMENT ON COLUMN "HONEYPOINT"."TB_PHOTOFILES"."IMG_TYPE" IS '1. 썸네일 2.일반';
--------------------------------------------------------
--  DDL for Table TB_POINT
--------------------------------------------------------

  CREATE TABLE "HONEYPOINT"."TB_POINT" 
   (	"POINT_NO" NUMBER, 
	"POINT_STATUS" NUMBER, 
	"POINT_DATE" DATE, 
	"POINT_HISTORY" NUMBER, 
	"M_NO" NUMBER, 
	"SETLE_NO" NUMBER
   ) SEGMENT CREATION IMMEDIATE 
  PCTFREE 10 PCTUSED 40 INITRANS 1 MAXTRANS 255 NOCOMPRESS LOGGING
  STORAGE(INITIAL 65536 NEXT 1048576 MINEXTENTS 1 MAXEXTENTS 2147483645
  PCTINCREASE 0 FREELISTS 1 FREELIST GROUPS 1 BUFFER_POOL DEFAULT FLASH_CACHE DEFAULT CELL_FLASH_CACHE DEFAULT)
  TABLESPACE "SYSTEM" ;

   COMMENT ON COLUMN "HONEYPOINT"."TB_POINT"."POINT_STATUS" IS '1. 적립 2. 사용';
   COMMENT ON COLUMN "HONEYPOINT"."TB_POINT"."M_NO" IS '회원번호';
--------------------------------------------------------
--  DDL for Table TB_RECOMEND_RSTRNT
--------------------------------------------------------

  CREATE TABLE "HONEYPOINT"."TB_RECOMEND_RSTRNT" 
   (	"RCMD_NO" NUMBER, 
	"EDIT_NM" VARCHAR2(30 BYTE), 
	"EDIT_SCORE" NUMBER, 
	"RCMD_CN" VARCHAR2(4000 BYTE), 
	"RCMD_STATUS" CHAR(2 BYTE) DEFAULT 'N', 
	"RCMD_CAT_NO" NUMBER, 
	"R_NO" NUMBER
   ) SEGMENT CREATION IMMEDIATE 
  PCTFREE 10 PCTUSED 40 INITRANS 1 MAXTRANS 255 NOCOMPRESS LOGGING
  STORAGE(INITIAL 65536 NEXT 1048576 MINEXTENTS 1 MAXEXTENTS 2147483645
  PCTINCREASE 0 FREELISTS 1 FREELIST GROUPS 1 BUFFER_POOL DEFAULT FLASH_CACHE DEFAULT CELL_FLASH_CACHE DEFAULT)
  TABLESPACE "SYSTEM" ;

   COMMENT ON COLUMN "HONEYPOINT"."TB_RECOMEND_RSTRNT"."RCMD_NO" IS '글번호';
   COMMENT ON COLUMN "HONEYPOINT"."TB_RECOMEND_RSTRNT"."RCMD_STATUS" IS 'Y/N';
   COMMENT ON COLUMN "HONEYPOINT"."TB_RECOMEND_RSTRNT"."R_NO" IS '업체회원번호';
--------------------------------------------------------
--  DDL for Table TB_RECOMEND_RSTRNT_CTGRY
--------------------------------------------------------

  CREATE TABLE "HONEYPOINT"."TB_RECOMEND_RSTRNT_CTGRY" 
   (	"Key" NUMBER, 
	"Field" VARCHAR2(30 BYTE)
   ) SEGMENT CREATION IMMEDIATE 
  PCTFREE 10 PCTUSED 40 INITRANS 1 MAXTRANS 255 NOCOMPRESS LOGGING
  STORAGE(INITIAL 65536 NEXT 1048576 MINEXTENTS 1 MAXEXTENTS 2147483645
  PCTINCREASE 0 FREELISTS 1 FREELIST GROUPS 1 BUFFER_POOL DEFAULT FLASH_CACHE DEFAULT CELL_FLASH_CACHE DEFAULT)
  TABLESPACE "SYSTEM" ;
--------------------------------------------------------
--  DDL for Table TB_REFND_DTLS
--------------------------------------------------------

  CREATE TABLE "HONEYPOINT"."TB_REFND_DTLS" 
   (	"SETLE_NO" NUMBER, 
	"REFND_PRVONSH" VARCHAR2(200 BYTE), 
	"REFND_RQSTDT" DATE, 
	"R_NO" NUMBER
   ) SEGMENT CREATION IMMEDIATE 
  PCTFREE 10 PCTUSED 40 INITRANS 1 MAXTRANS 255 NOCOMPRESS LOGGING
  STORAGE(INITIAL 65536 NEXT 1048576 MINEXTENTS 1 MAXEXTENTS 2147483645
  PCTINCREASE 0 FREELISTS 1 FREELIST GROUPS 1 BUFFER_POOL DEFAULT FLASH_CACHE DEFAULT CELL_FLASH_CACHE DEFAULT)
  TABLESPACE "SYSTEM" ;

   COMMENT ON COLUMN "HONEYPOINT"."TB_REFND_DTLS"."R_NO" IS '업체회원번호';
--------------------------------------------------------
--  DDL for Table TB_REPORT
--------------------------------------------------------

  CREATE TABLE "HONEYPOINT"."TB_REPORT" 
   (	"RPT_NO" NUMBER, 
	"M_ID" NVARCHAR2(40), 
	"RPT_CAT_NO" NUMBER, 
	"TARGET_CATEGORY" NUMBER, 
	"TARGET_ID" VARCHAR2(100 BYTE), 
	"RPT_DATE" DATE DEFAULT SYSDATE, 
	"RPT_RESULT" CHAR(2 BYTE) DEFAULT 'N', 
	"RPT_REF" NUMBER, 
	"RPT_RESN_ETC" VARCHAR2(1000 BYTE), 
	"TARGET_NO" NUMBER
   ) SEGMENT CREATION IMMEDIATE 
  PCTFREE 10 PCTUSED 40 INITRANS 1 MAXTRANS 255 NOCOMPRESS LOGGING
  STORAGE(INITIAL 65536 NEXT 1048576 MINEXTENTS 1 MAXEXTENTS 2147483645
  PCTINCREASE 0 FREELISTS 1 FREELIST GROUPS 1 BUFFER_POOL DEFAULT FLASH_CACHE DEFAULT CELL_FLASH_CACHE DEFAULT)
  TABLESPACE "SYSTEM" ;

   COMMENT ON COLUMN "HONEYPOINT"."TB_REPORT"."RPT_NO" IS '신고고유번호';
   COMMENT ON COLUMN "HONEYPOINT"."TB_REPORT"."M_ID" IS '신고자 아이디';
   COMMENT ON COLUMN "HONEYPOINT"."TB_REPORT"."TARGET_CATEGORY" IS '1.리뷰 2. 게시글 3. 댓글';
   COMMENT ON COLUMN "HONEYPOINT"."TB_REPORT"."TARGET_ID" IS '신고당한 회원 아이디';
   COMMENT ON COLUMN "HONEYPOINT"."TB_REPORT"."RPT_DATE" IS '신고날짜';
   COMMENT ON COLUMN "HONEYPOINT"."TB_REPORT"."RPT_RESULT" IS '신고처리결과';
   COMMENT ON COLUMN "HONEYPOINT"."TB_REPORT"."RPT_REF" IS '신고 게시글/댓글/리뷰 번호';
   COMMENT ON COLUMN "HONEYPOINT"."TB_REPORT"."RPT_RESN_ETC" IS '신고사유 기타사유작성';
   COMMENT ON COLUMN "HONEYPOINT"."TB_REPORT"."TARGET_NO" IS '피신고인 회원번호
';
--------------------------------------------------------
--  DDL for Table TB_REPORT_RESN
--------------------------------------------------------

  CREATE TABLE "HONEYPOINT"."TB_REPORT_RESN" 
   (	"RPT_CAT_NO" NUMBER, 
	"RPT_RESN" VARCHAR2(1000 BYTE)
   ) SEGMENT CREATION IMMEDIATE 
  PCTFREE 10 PCTUSED 40 INITRANS 1 MAXTRANS 255 NOCOMPRESS LOGGING
  STORAGE(INITIAL 65536 NEXT 1048576 MINEXTENTS 1 MAXEXTENTS 2147483645
  PCTINCREASE 0 FREELISTS 1 FREELIST GROUPS 1 BUFFER_POOL DEFAULT FLASH_CACHE DEFAULT CELL_FLASH_CACHE DEFAULT)
  TABLESPACE "SYSTEM" ;

   COMMENT ON COLUMN "HONEYPOINT"."TB_REPORT_RESN"."RPT_CAT_NO" IS '신고사유 카테고리번호';
   COMMENT ON COLUMN "HONEYPOINT"."TB_REPORT_RESN"."RPT_RESN" IS '신고사유 카테고리명';
--------------------------------------------------------
--  DDL for Table TB_RESVE
--------------------------------------------------------

  CREATE TABLE "HONEYPOINT"."TB_RESVE" 
   (	"RESVE_NO" NUMBER, 
	"RSVCTM" VARCHAR2(30 BYTE), 
	"RSVDE" DATE, 
	"VISITR_CO" NUMBER, 
	"REQUEST" VARCHAR2(4000 BYTE), 
	"R_NO" NUMBER
   ) SEGMENT CREATION IMMEDIATE 
  PCTFREE 10 PCTUSED 40 INITRANS 1 MAXTRANS 255 NOCOMPRESS LOGGING
  STORAGE(INITIAL 65536 NEXT 1048576 MINEXTENTS 1 MAXEXTENTS 2147483645
  PCTINCREASE 0 FREELISTS 1 FREELIST GROUPS 1 BUFFER_POOL DEFAULT FLASH_CACHE DEFAULT CELL_FLASH_CACHE DEFAULT)
  TABLESPACE "SYSTEM" ;

   COMMENT ON COLUMN "HONEYPOINT"."TB_RESVE"."R_NO" IS '업체회원번호';
--------------------------------------------------------
--  DDL for Table TB_RESVE_SCHDUL
--------------------------------------------------------

  CREATE TABLE "HONEYPOINT"."TB_RESVE_SCHDUL" 
   (	"RESVE_NO" NUMBER, 
	"R_NO" NUMBER, 
	"R_RESVE" CHAR(2 BYTE) DEFAULT 'N', 
	"R_TIME_GAP" NUMBER, 
	"R_MIN_NMBR" NUMBER, 
	"R_MAX_NMBR" NUMBER
   ) SEGMENT CREATION IMMEDIATE 
  PCTFREE 10 PCTUSED 40 INITRANS 1 MAXTRANS 255 NOCOMPRESS LOGGING
  STORAGE(INITIAL 65536 NEXT 1048576 MINEXTENTS 1 MAXEXTENTS 2147483645
  PCTINCREASE 0 FREELISTS 1 FREELIST GROUPS 1 BUFFER_POOL DEFAULT FLASH_CACHE DEFAULT CELL_FLASH_CACHE DEFAULT)
  TABLESPACE "SYSTEM" ;

   COMMENT ON COLUMN "HONEYPOINT"."TB_RESVE_SCHDUL"."R_NO" IS '업체회원번호';
   COMMENT ON COLUMN "HONEYPOINT"."TB_RESVE_SCHDUL"."R_RESVE" IS '업체예약여부';
   COMMENT ON COLUMN "HONEYPOINT"."TB_RESVE_SCHDUL"."R_TIME_GAP" IS '예약시간 단위';
   COMMENT ON COLUMN "HONEYPOINT"."TB_RESVE_SCHDUL"."R_MIN_NMBR" IS '예약가능 최소인원';
   COMMENT ON COLUMN "HONEYPOINT"."TB_RESVE_SCHDUL"."R_MAX_NMBR" IS '예약가능 최대인원';
--------------------------------------------------------
--  DDL for Table TB_REVIEW
--------------------------------------------------------

  CREATE TABLE "HONEYPOINT"."TB_REVIEW" 
   (	"REV_NO" NUMBER, 
	"REV_CN" VARCHAR2(4000 BYTE), 
	"SCORE" NUMBER, 
	"REV_STATUS" CHAR(2 BYTE) DEFAULT 'N', 
	"R_NO" VARCHAR2(20 BYTE), 
	"M_NO" NUMBER
   ) SEGMENT CREATION IMMEDIATE 
  PCTFREE 10 PCTUSED 40 INITRANS 1 MAXTRANS 255 NOCOMPRESS LOGGING
  STORAGE(INITIAL 65536 NEXT 1048576 MINEXTENTS 1 MAXEXTENTS 2147483645
  PCTINCREASE 0 FREELISTS 1 FREELIST GROUPS 1 BUFFER_POOL DEFAULT FLASH_CACHE DEFAULT CELL_FLASH_CACHE DEFAULT)
  TABLESPACE "SYSTEM" ;

   COMMENT ON COLUMN "HONEYPOINT"."TB_REVIEW"."SCORE" IS '1 . 맛있다 2. 괜찮다 3. 보통';
   COMMENT ON COLUMN "HONEYPOINT"."TB_REVIEW"."REV_STATUS" IS 'Y/N';
   COMMENT ON COLUMN "HONEYPOINT"."TB_REVIEW"."R_NO" IS '업체회원번호';
   COMMENT ON COLUMN "HONEYPOINT"."TB_REVIEW"."M_NO" IS '회원번호';
--------------------------------------------------------
--  DDL for Table TB_REVIEW_IMAGE_LIST
--------------------------------------------------------

  CREATE TABLE "HONEYPOINT"."TB_REVIEW_IMAGE_LIST" 
   (	"FILE_NO" NUMBER, 
	"ORGINL_COURS" VARCHAR2(1000 BYTE), 
	"ATCHMNFL_COURS" VARCHAR2(1000 BYTE), 
	"REV_NO" NUMBER
   ) SEGMENT CREATION IMMEDIATE 
  PCTFREE 10 PCTUSED 40 INITRANS 1 MAXTRANS 255 NOCOMPRESS LOGGING
  STORAGE(INITIAL 65536 NEXT 1048576 MINEXTENTS 1 MAXEXTENTS 2147483645
  PCTINCREASE 0 FREELISTS 1 FREELIST GROUPS 1 BUFFER_POOL DEFAULT FLASH_CACHE DEFAULT CELL_FLASH_CACHE DEFAULT)
  TABLESPACE "SYSTEM" ;
--------------------------------------------------------
--  DDL for Table TB_RSTRNT_INFO
--------------------------------------------------------

  CREATE TABLE "HONEYPOINT"."TB_RSTRNT_INFO" 
   (	"R_NO" NUMBER, 
	"M_NO" NUMBER, 
	"R_TEL" VARCHAR2(20 BYTE), 
	"R_TYPE" VARCHAR2(200 BYTE), 
	"R_NAME" VARCHAR2(300 BYTE), 
	"R_ADDRESS" VARCHAR2(200 BYTE), 
	"R_TAG" VARCHAR2(100 BYTE), 
	"R_PRICE" NUMBER, 
	"R_PARKING" CHAR(2 BYTE) DEFAULT 'N', 
	"R_START_TIME" VARCHAR2(200 BYTE), 
	"R_END_TIME" VARCHAR2(200 BYTE), 
	"R_RATING" NUMBER, 
	"R_INTRO" VARCHAR2(4000 BYTE), 
	"RESVE_YN" CHAR(2 BYTE), 
	"R_REST_DAY" VARCHAR2(100 BYTE), 
	"R_CONFM" CHAR(2 BYTE) DEFAULT 'N', 
	"R_STATUS" CHAR(2 BYTE) DEFAULT 'N', 
	"R_COUNT" NUMBER DEFAULT 0, 
	"R_O_ADDRESS" VARCHAR2(200 BYTE)
   ) SEGMENT CREATION IMMEDIATE 
  PCTFREE 10 PCTUSED 40 INITRANS 1 MAXTRANS 255 NOCOMPRESS LOGGING
  STORAGE(INITIAL 65536 NEXT 1048576 MINEXTENTS 1 MAXEXTENTS 2147483645
  PCTINCREASE 0 FREELISTS 1 FREELIST GROUPS 1 BUFFER_POOL DEFAULT FLASH_CACHE DEFAULT CELL_FLASH_CACHE DEFAULT)
  TABLESPACE "SYSTEM" ;

   COMMENT ON COLUMN "HONEYPOINT"."TB_RSTRNT_INFO"."R_NO" IS '업체회원번호';
   COMMENT ON COLUMN "HONEYPOINT"."TB_RSTRNT_INFO"."M_NO" IS '회원번호';
   COMMENT ON COLUMN "HONEYPOINT"."TB_RSTRNT_INFO"."R_TEL" IS '업체전화번호';
   COMMENT ON COLUMN "HONEYPOINT"."TB_RSTRNT_INFO"."R_TYPE" IS '업종 카테고리';
   COMMENT ON COLUMN "HONEYPOINT"."TB_RSTRNT_INFO"."R_NAME" IS '업체명';
   COMMENT ON COLUMN "HONEYPOINT"."TB_RSTRNT_INFO"."R_ADDRESS" IS '업체주소';
   COMMENT ON COLUMN "HONEYPOINT"."TB_RSTRNT_INFO"."R_TAG" IS '검색태그등록';
   COMMENT ON COLUMN "HONEYPOINT"."TB_RSTRNT_INFO"."R_PRICE" IS '업체별 가격대';
   COMMENT ON COLUMN "HONEYPOINT"."TB_RSTRNT_INFO"."R_PARKING" IS '주차장 유무';
   COMMENT ON COLUMN "HONEYPOINT"."TB_RSTRNT_INFO"."R_START_TIME" IS '업체 영업시작 시간';
   COMMENT ON COLUMN "HONEYPOINT"."TB_RSTRNT_INFO"."R_END_TIME" IS '업체 영업종료 시간';
   COMMENT ON COLUMN "HONEYPOINT"."TB_RSTRNT_INFO"."R_RATING" IS '평점';
   COMMENT ON COLUMN "HONEYPOINT"."TB_RSTRNT_INFO"."R_INTRO" IS '맛집 소개';
   COMMENT ON COLUMN "HONEYPOINT"."TB_RSTRNT_INFO"."R_REST_DAY" IS '정기휴무일';
   COMMENT ON COLUMN "HONEYPOINT"."TB_RSTRNT_INFO"."R_CONFM" IS '관리자 승인 여부';
   COMMENT ON COLUMN "HONEYPOINT"."TB_RSTRNT_INFO"."R_STATUS" IS '맛집탈퇴여부';
   COMMENT ON COLUMN "HONEYPOINT"."TB_RSTRNT_INFO"."R_COUNT" IS '조회수';
   COMMENT ON COLUMN "HONEYPOINT"."TB_RSTRNT_INFO"."R_O_ADDRESS" IS '지번주소';
--------------------------------------------------------
--  DDL for Table TB_R_RETURN
--------------------------------------------------------

  CREATE TABLE "HONEYPOINT"."TB_R_RETURN" 
   (	"R_RETURN_CN" VARCHAR2(200 BYTE), 
	"R_RETURN_DATE" DATE, 
	"M_NO" NUMBER
   ) SEGMENT CREATION IMMEDIATE 
  PCTFREE 10 PCTUSED 40 INITRANS 1 MAXTRANS 255 NOCOMPRESS LOGGING
  STORAGE(INITIAL 65536 NEXT 1048576 MINEXTENTS 1 MAXEXTENTS 2147483645
  PCTINCREASE 0 FREELISTS 1 FREELIST GROUPS 1 BUFFER_POOL DEFAULT FLASH_CACHE DEFAULT CELL_FLASH_CACHE DEFAULT)
  TABLESPACE "SYSTEM" ;

   COMMENT ON COLUMN "HONEYPOINT"."TB_R_RETURN"."R_RETURN_CN" IS '반려사유';
   COMMENT ON COLUMN "HONEYPOINT"."TB_R_RETURN"."R_RETURN_DATE" IS '반려일자';
   COMMENT ON COLUMN "HONEYPOINT"."TB_R_RETURN"."M_NO" IS '회원번호';
--------------------------------------------------------
--  DDL for Table TB_SEARCH
--------------------------------------------------------

  CREATE TABLE "HONEYPOINT"."TB_SEARCH" 
   (	"SEARCH_ID" VARCHAR2(20 BYTE), 
	"SEARCH_KEYWORD" VARCHAR2(20 BYTE), 
	"SEARCH_DATE" DATE, 
	"IP_ADDRESS" VARCHAR2(200 BYTE)
   ) SEGMENT CREATION IMMEDIATE 
  PCTFREE 10 PCTUSED 40 INITRANS 1 MAXTRANS 255 NOCOMPRESS LOGGING
  STORAGE(INITIAL 65536 NEXT 1048576 MINEXTENTS 1 MAXEXTENTS 2147483645
  PCTINCREASE 0 FREELISTS 1 FREELIST GROUPS 1 BUFFER_POOL DEFAULT FLASH_CACHE DEFAULT CELL_FLASH_CACHE DEFAULT)
  TABLESPACE "SYSTEM" ;

   COMMENT ON COLUMN "HONEYPOINT"."TB_SEARCH"."SEARCH_ID" IS '검색아이디';
   COMMENT ON COLUMN "HONEYPOINT"."TB_SEARCH"."SEARCH_KEYWORD" IS '키워드';
   COMMENT ON COLUMN "HONEYPOINT"."TB_SEARCH"."SEARCH_DATE" IS '검색일시';
   COMMENT ON COLUMN "HONEYPOINT"."TB_SEARCH"."IP_ADDRESS" IS 'IP주소';
--------------------------------------------------------
--  DDL for Table TB_SETLE
--------------------------------------------------------

  CREATE TABLE "HONEYPOINT"."TB_SETLE" 
   (	"SETLE_NO" NUMBER, 
	"SETLER" VARCHAR2(30 BYTE), 
	"SETLE_DE" DATE, 
	"STPRC" NUMBER, 
	"REFND_AT" CHAR(2 BYTE) DEFAULT 'N', 
	"RESVE_NO" NUMBER, 
	"M_NO" NUMBER
   ) SEGMENT CREATION IMMEDIATE 
  PCTFREE 10 PCTUSED 40 INITRANS 1 MAXTRANS 255 NOCOMPRESS LOGGING
  STORAGE(INITIAL 65536 NEXT 1048576 MINEXTENTS 1 MAXEXTENTS 2147483645
  PCTINCREASE 0 FREELISTS 1 FREELIST GROUPS 1 BUFFER_POOL DEFAULT FLASH_CACHE DEFAULT CELL_FLASH_CACHE DEFAULT)
  TABLESPACE "SYSTEM" ;

   COMMENT ON COLUMN "HONEYPOINT"."TB_SETLE"."REFND_AT" IS 'Y/N';
   COMMENT ON COLUMN "HONEYPOINT"."TB_SETLE"."M_NO" IS '회원번호';
--------------------------------------------------------
--  DDL for Table TB_TMPR_REST_DAY
--------------------------------------------------------

  CREATE TABLE "HONEYPOINT"."TB_TMPR_REST_DAY" 
   (	"R_NO" NUMBER, 
	"R_ TMPR _REST_DAY" DATE
   ) SEGMENT CREATION IMMEDIATE 
  PCTFREE 10 PCTUSED 40 INITRANS 1 MAXTRANS 255 NOCOMPRESS LOGGING
  STORAGE(INITIAL 65536 NEXT 1048576 MINEXTENTS 1 MAXEXTENTS 2147483645
  PCTINCREASE 0 FREELISTS 1 FREELIST GROUPS 1 BUFFER_POOL DEFAULT FLASH_CACHE DEFAULT CELL_FLASH_CACHE DEFAULT)
  TABLESPACE "SYSTEM" ;

   COMMENT ON COLUMN "HONEYPOINT"."TB_TMPR_REST_DAY"."R_NO" IS '업체회원번호';
--------------------------------------------------------
--  DDL for Table UPDATE_REQUEST
--------------------------------------------------------

  CREATE TABLE "HONEYPOINT"."UPDATE_REQUEST" 
   (	"REQUST_NO" NUMBER, 
	"REQUST_CN" VARCHAR2(4000 BYTE), 
	"REQUST_STATUS" CHAR(2 BYTE) DEFAULT 'N', 
	"R_NO" VARCHAR2(20 BYTE), 
	"M_NO" NUMBER
   ) SEGMENT CREATION IMMEDIATE 
  PCTFREE 10 PCTUSED 40 INITRANS 1 MAXTRANS 255 NOCOMPRESS LOGGING
  STORAGE(INITIAL 65536 NEXT 1048576 MINEXTENTS 1 MAXEXTENTS 2147483645
  PCTINCREASE 0 FREELISTS 1 FREELIST GROUPS 1 BUFFER_POOL DEFAULT FLASH_CACHE DEFAULT CELL_FLASH_CACHE DEFAULT)
  TABLESPACE "SYSTEM" ;

   COMMENT ON COLUMN "HONEYPOINT"."UPDATE_REQUEST"."REQUST_STATUS" IS 'Y/N';
   COMMENT ON COLUMN "HONEYPOINT"."UPDATE_REQUEST"."R_NO" IS '업체회원번호';
   COMMENT ON COLUMN "HONEYPOINT"."UPDATE_REQUEST"."M_NO" IS '회원번호';
REM INSERTING into HONEYPOINT."TB_ TMPR _REST_DAY"
SET DEFINE OFF;
REM INSERTING into HONEYPOINT.TB_ALL_INQRY
SET DEFINE OFF;
REM INSERTING into HONEYPOINT.TB_AUTH
SET DEFINE OFF;
REM INSERTING into HONEYPOINT.TB_BANNER
SET DEFINE OFF;
REM INSERTING into HONEYPOINT.TB_BANNER_FILE
SET DEFINE OFF;
REM INSERTING into HONEYPOINT.TB_BOARD
SET DEFINE OFF;
REM INSERTING into HONEYPOINT.TB_BOARD_COMMENT
SET DEFINE OFF;
REM INSERTING into HONEYPOINT.TB_BOARD_FILE
SET DEFINE OFF;
REM INSERTING into HONEYPOINT.TB_FAVOR
SET DEFINE OFF;
REM INSERTING into HONEYPOINT.TB_GNRL_MEMBER
SET DEFINE OFF;
Insert into HONEYPOINT.TB_GNRL_MEMBER (M_NO,M_NICKNAME,M_BIRTHDAY,M_PHONE,M_ADDRESS,M_GRAD,M_POINT) values (1,null,null,1012341234,'서울시 강남구 역삼동',1,0);
Insert into HONEYPOINT.TB_GNRL_MEMBER (M_NO,M_NICKNAME,M_BIRTHDAY,M_PHONE,M_ADDRESS,M_GRAD,M_POINT) values (2,null,null,1012341234,'인천시 연수구 송도동',1,0);
Insert into HONEYPOINT.TB_GNRL_MEMBER (M_NO,M_NICKNAME,M_BIRTHDAY,M_PHONE,M_ADDRESS,M_GRAD,M_POINT) values (3,null,null,1012341234,'서울시 송파구 잠실동',1,0);
Insert into HONEYPOINT.TB_GNRL_MEMBER (M_NO,M_NICKNAME,M_BIRTHDAY,M_PHONE,M_ADDRESS,M_GRAD,M_POINT) values (4,null,null,1012341234,'서울시 송파구 석촌동',1,0);
Insert into HONEYPOINT.TB_GNRL_MEMBER (M_NO,M_NICKNAME,M_BIRTHDAY,M_PHONE,M_ADDRESS,M_GRAD,M_POINT) values (5,null,null,1012341234,'인천시 남동구 논현동',1,0);
Insert into HONEYPOINT.TB_GNRL_MEMBER (M_NO,M_NICKNAME,M_BIRTHDAY,M_PHONE,M_ADDRESS,M_GRAD,M_POINT) values (6,null,null,1012341234,'인천시 남동구 구월동',1,0);
Insert into HONEYPOINT.TB_GNRL_MEMBER (M_NO,M_NICKNAME,M_BIRTHDAY,M_PHONE,M_ADDRESS,M_GRAD,M_POINT) values (7,null,null,1012341234,'인천시 미추홀구 문학동',1,0);
Insert into HONEYPOINT.TB_GNRL_MEMBER (M_NO,M_NICKNAME,M_BIRTHDAY,M_PHONE,M_ADDRESS,M_GRAD,M_POINT) values (8,null,null,1012341234,'경기도 성남시 분당구 판교동',1,0);
Insert into HONEYPOINT.TB_GNRL_MEMBER (M_NO,M_NICKNAME,M_BIRTHDAY,M_PHONE,M_ADDRESS,M_GRAD,M_POINT) values (9,null,null,1012341234,'경기도 성남시 수정구',1,0);
Insert into HONEYPOINT.TB_GNRL_MEMBER (M_NO,M_NICKNAME,M_BIRTHDAY,M_PHONE,M_ADDRESS,M_GRAD,M_POINT) values (10,null,null,1012341234,'경기도 수원시 장안구 조원동',1,0);
Insert into HONEYPOINT.TB_GNRL_MEMBER (M_NO,M_NICKNAME,M_BIRTHDAY,M_PHONE,M_ADDRESS,M_GRAD,M_POINT) values (11,null,null,1012341234,'서울시 구로구 고척동',1,0);
REM INSERTING into HONEYPOINT.TB_INQRY_REPLY
SET DEFINE OFF;
REM INSERTING into HONEYPOINT.TB_LOGIN_HISTORY
SET DEFINE OFF;
REM INSERTING into HONEYPOINT.TB_MANAGER
SET DEFINE OFF;
Insert into HONEYPOINT.TB_MANAGER (MNG_NO,MNG_ID,MNG_NM,MNG_POSITION,MNG_PHONE,MNG_STATUS,MNG_PWD,MNG_ENROLL_DATE) values (3,'manager12','관리자12','member','010-1212-1212','Y','$2a$10$XSt8Znws5lVj7Z/Yp.aP..GmzHwbHzO6C7Cn3pMWDDZifY6lWy.GC',to_date('20/09/09','RR/MM/DD'));
Insert into HONEYPOINT.TB_MANAGER (MNG_NO,MNG_ID,MNG_NM,MNG_POSITION,MNG_PHONE,MNG_STATUS,MNG_PWD,MNG_ENROLL_DATE) values (16,'manager13','관리자13','member','010-1313-1313','Y','$2a$10$C8Mls143jiIbdRjcZchPxupphwz2SX1MSkFPkzra2PCPhfq2zFIy.',to_date('20/09/09','RR/MM/DD'));
Insert into HONEYPOINT.TB_MANAGER (MNG_NO,MNG_ID,MNG_NM,MNG_POSITION,MNG_PHONE,MNG_STATUS,MNG_PWD,MNG_ENROLL_DATE) values (30,'manager14','관리자14','member,manager','010-1414-1414','Y','$2a$10$bad/xR99gc8tKFpcltz7aOLxZ9nv0zVcwzt5PfZiJL9dY7GIkZ0si',to_date('20/09/09','RR/MM/DD'));
Insert into HONEYPOINT.TB_MANAGER (MNG_NO,MNG_ID,MNG_NM,MNG_POSITION,MNG_PHONE,MNG_STATUS,MNG_PWD,MNG_ENROLL_DATE) values (33,'manager15','관리자15','rstrnt,advrts','010-1515-1515','Y','$2a$10$A5tf1pD00gqPp/TLH1Cdsegv8mAo2WOW0DPQLlXFrgwWpUan1h.l.',to_date('20/09/09','RR/MM/DD'));
Insert into HONEYPOINT.TB_MANAGER (MNG_NO,MNG_ID,MNG_NM,MNG_POSITION,MNG_PHONE,MNG_STATUS,MNG_PWD,MNG_ENROLL_DATE) values (33,'manager16','관리자16','rstrnt,advrts','010-1616-1616','Y','$2a$10$UMKX2WQOBS4BMmjHqEMuHeDcyoiamJTbQY2Bj4BAuCVfnNNS2Z9kC',to_date('20/09/09','RR/MM/DD'));
Insert into HONEYPOINT.TB_MANAGER (MNG_NO,MNG_ID,MNG_NM,MNG_POSITION,MNG_PHONE,MNG_STATUS,MNG_PWD,MNG_ENROLL_DATE) values (34,'manager17','관리자17','report,manager','010-1717-1717','Y','$2a$10$kt76atG923fd5N0FoT1Hq.LcgG3P1Eird.JuAeE96FQeYBlPACFPq',to_date('20/09/09','RR/MM/DD'));
Insert into HONEYPOINT.TB_MANAGER (MNG_NO,MNG_ID,MNG_NM,MNG_POSITION,MNG_PHONE,MNG_STATUS,MNG_PWD,MNG_ENROLL_DATE) values (35,'manager18','관리자18','맛집 관리,신고 관리,관리자 설정','010-1818-1818','Y','$2a$10$MXz9..a4ACVFIX9UeY0gaeyoyAhtXBKj5ma.AqWd86X6zXYp1VtGy',to_date('20/09/09','RR/MM/DD'));
Insert into HONEYPOINT.TB_MANAGER (MNG_NO,MNG_ID,MNG_NM,MNG_POSITION,MNG_PHONE,MNG_STATUS,MNG_PWD,MNG_ENROLL_DATE) values (36,'manager19','관리자19',' 신고 관리, 광고 관리','010-1919-1919','Y','$2a$10$3lM5mhrpM.3gbGmpa1l4FeDrCKfmL7GF/iWVfZR7xRLeQmm/jRE7m',to_date('20/09/09','RR/MM/DD'));
Insert into HONEYPOINT.TB_MANAGER (MNG_NO,MNG_ID,MNG_NM,MNG_POSITION,MNG_PHONE,MNG_STATUS,MNG_PWD,MNG_ENROLL_DATE) values (1,'manager1','관리자일','member','010-1234-1234','Y','1234',to_date('20/09/09','RR/MM/DD'));
Insert into HONEYPOINT.TB_MANAGER (MNG_NO,MNG_ID,MNG_NM,MNG_POSITION,MNG_PHONE,MNG_STATUS,MNG_PWD,MNG_ENROLL_DATE) values (2,'manager2','관리자2','member','010-2222-2222','Y','1234',to_date('20/09/09','RR/MM/DD'));
Insert into HONEYPOINT.TB_MANAGER (MNG_NO,MNG_ID,MNG_NM,MNG_POSITION,MNG_PHONE,MNG_STATUS,MNG_PWD,MNG_ENROLL_DATE) values (3,'manager3','관리자3','member','010-3333-3333','Y','1234',to_date('20/09/09','RR/MM/DD'));
Insert into HONEYPOINT.TB_MANAGER (MNG_NO,MNG_ID,MNG_NM,MNG_POSITION,MNG_PHONE,MNG_STATUS,MNG_PWD,MNG_ENROLL_DATE) values (4,'manager4','관리자4','member','010-4444-4444','Y','1234',to_date('20/09/09','RR/MM/DD'));
Insert into HONEYPOINT.TB_MANAGER (MNG_NO,MNG_ID,MNG_NM,MNG_POSITION,MNG_PHONE,MNG_STATUS,MNG_PWD,MNG_ENROLL_DATE) values (5,'manager5','관리자5','member','010-5555-5555','Y','1234',to_date('20/09/09','RR/MM/DD'));
Insert into HONEYPOINT.TB_MANAGER (MNG_NO,MNG_ID,MNG_NM,MNG_POSITION,MNG_PHONE,MNG_STATUS,MNG_PWD,MNG_ENROLL_DATE) values (6,'manager6','관리자6','member','010-6666-6666','Y','1234',to_date('20/09/09','RR/MM/DD'));
Insert into HONEYPOINT.TB_MANAGER (MNG_NO,MNG_ID,MNG_NM,MNG_POSITION,MNG_PHONE,MNG_STATUS,MNG_PWD,MNG_ENROLL_DATE) values (7,'manager7','관리자7','member','010-7777-7777','Y','1234',to_date('20/09/09','RR/MM/DD'));
Insert into HONEYPOINT.TB_MANAGER (MNG_NO,MNG_ID,MNG_NM,MNG_POSITION,MNG_PHONE,MNG_STATUS,MNG_PWD,MNG_ENROLL_DATE) values (8,'manager8','관리자98','member','010-8888-8888','Y','1234',to_date('20/09/09','RR/MM/DD'));
Insert into HONEYPOINT.TB_MANAGER (MNG_NO,MNG_ID,MNG_NM,MNG_POSITION,MNG_PHONE,MNG_STATUS,MNG_PWD,MNG_ENROLL_DATE) values (9,'manager9','관리자89','member','010-9999-9999','Y','1234',to_date('20/09/09','RR/MM/DD'));
Insert into HONEYPOINT.TB_MANAGER (MNG_NO,MNG_ID,MNG_NM,MNG_POSITION,MNG_PHONE,MNG_STATUS,MNG_PWD,MNG_ENROLL_DATE) values (10,'manager10','관리자10','member','010-0000-0000','Y','1234',to_date('20/09/09','RR/MM/DD'));
Insert into HONEYPOINT.TB_MANAGER (MNG_NO,MNG_ID,MNG_NM,MNG_POSITION,MNG_PHONE,MNG_STATUS,MNG_PWD,MNG_ENROLL_DATE) values (11,'manager11','관리자11','member','010-1111-1111','Y','1234',to_date('20/09/09','RR/MM/DD'));
REM INSERTING into HONEYPOINT.TB_MANAGER_HISTORY
SET DEFINE OFF;
REM INSERTING into HONEYPOINT.TB_MANAGER_MENU
SET DEFINE OFF;
REM INSERTING into HONEYPOINT.TB_MEMBER
SET DEFINE OFF;
Insert into HONEYPOINT.TB_MEMBER (M_NO,M_ID,M_NAME,M_EMAIL,M_ENROLL_DATE,M_MODIFY_DATE,M_STATUS,R_CONF,M_ORIGIN_PF,M_STRE_PF,M_SORT_NO) values (1,'user01','김회원','user1@aa.com',to_date('20/09/02','RR/MM/DD'),to_date('20/09/02','RR/MM/DD'),'Y ','Y ',null,null,1);
Insert into HONEYPOINT.TB_MEMBER (M_NO,M_ID,M_NAME,M_EMAIL,M_ENROLL_DATE,M_MODIFY_DATE,M_STATUS,R_CONF,M_ORIGIN_PF,M_STRE_PF,M_SORT_NO) values (2,'user02','박회원','user2@aa.com',to_date('20/09/02','RR/MM/DD'),to_date('20/09/02','RR/MM/DD'),'Y ','Y ',null,null,2);
Insert into HONEYPOINT.TB_MEMBER (M_NO,M_ID,M_NAME,M_EMAIL,M_ENROLL_DATE,M_MODIFY_DATE,M_STATUS,R_CONF,M_ORIGIN_PF,M_STRE_PF,M_SORT_NO) values (3,'user03','삼회원','user3@aa.com',to_date('20/09/03','RR/MM/DD'),to_date('20/09/03','RR/MM/DD'),'Y ','Y ',null,null,2);
Insert into HONEYPOINT.TB_MEMBER (M_NO,M_ID,M_NAME,M_EMAIL,M_ENROLL_DATE,M_MODIFY_DATE,M_STATUS,R_CONF,M_ORIGIN_PF,M_STRE_PF,M_SORT_NO) values (4,'user04','사회원','user4@aa.com',to_date('20/09/03','RR/MM/DD'),to_date('20/09/03','RR/MM/DD'),'Y ','Y ',null,null,1);
Insert into HONEYPOINT.TB_MEMBER (M_NO,M_ID,M_NAME,M_EMAIL,M_ENROLL_DATE,M_MODIFY_DATE,M_STATUS,R_CONF,M_ORIGIN_PF,M_STRE_PF,M_SORT_NO) values (5,'user05','오회원','user5@aa.com',to_date('20/09/03','RR/MM/DD'),to_date('20/09/03','RR/MM/DD'),'Y ','Y ',null,null,1);
Insert into HONEYPOINT.TB_MEMBER (M_NO,M_ID,M_NAME,M_EMAIL,M_ENROLL_DATE,M_MODIFY_DATE,M_STATUS,R_CONF,M_ORIGIN_PF,M_STRE_PF,M_SORT_NO) values (6,'user06','육회원','user6@aa.com',to_date('20/09/03','RR/MM/DD'),to_date('20/09/03','RR/MM/DD'),'Y ','Y ',null,null,1);
Insert into HONEYPOINT.TB_MEMBER (M_NO,M_ID,M_NAME,M_EMAIL,M_ENROLL_DATE,M_MODIFY_DATE,M_STATUS,R_CONF,M_ORIGIN_PF,M_STRE_PF,M_SORT_NO) values (7,'user07','칠회원','user7@aa.com',to_date('20/09/03','RR/MM/DD'),to_date('20/09/03','RR/MM/DD'),'Y ','Y ',null,null,1);
Insert into HONEYPOINT.TB_MEMBER (M_NO,M_ID,M_NAME,M_EMAIL,M_ENROLL_DATE,M_MODIFY_DATE,M_STATUS,R_CONF,M_ORIGIN_PF,M_STRE_PF,M_SORT_NO) values (8,'user08','팔회원','user8@aa.com',to_date('20/09/03','RR/MM/DD'),to_date('20/09/03','RR/MM/DD'),'Y ','Y ',null,null,2);
Insert into HONEYPOINT.TB_MEMBER (M_NO,M_ID,M_NAME,M_EMAIL,M_ENROLL_DATE,M_MODIFY_DATE,M_STATUS,R_CONF,M_ORIGIN_PF,M_STRE_PF,M_SORT_NO) values (9,'user09','구회원','user9@aa.com',to_date('20/09/03','RR/MM/DD'),to_date('20/09/03','RR/MM/DD'),'Y ','Y ',null,null,2);
Insert into HONEYPOINT.TB_MEMBER (M_NO,M_ID,M_NAME,M_EMAIL,M_ENROLL_DATE,M_MODIFY_DATE,M_STATUS,R_CONF,M_ORIGIN_PF,M_STRE_PF,M_SORT_NO) values (10,'user10','구회원','user10@aa.com',to_date('20/09/03','RR/MM/DD'),to_date('20/09/03','RR/MM/DD'),'Y ','Y ',null,null,2);
Insert into HONEYPOINT.TB_MEMBER (M_NO,M_ID,M_NAME,M_EMAIL,M_ENROLL_DATE,M_MODIFY_DATE,M_STATUS,R_CONF,M_ORIGIN_PF,M_STRE_PF,M_SORT_NO) values (11,'user11','십회원','user11@aa.com',to_date('20/09/03','RR/MM/DD'),to_date('20/09/03','RR/MM/DD'),'N ','Y ',null,null,2);
Insert into HONEYPOINT.TB_MEMBER (M_NO,M_ID,M_NAME,M_EMAIL,M_ENROLL_DATE,M_MODIFY_DATE,M_STATUS,R_CONF,M_ORIGIN_PF,M_STRE_PF,M_SORT_NO) values (12,'x_user01','탈퇴하나','x_user@aa.com',to_date('20/09/04','RR/MM/DD'),to_date('20/09/04','RR/MM/DD'),'N ','Y ',null,null,2);
Insert into HONEYPOINT.TB_MEMBER (M_NO,M_ID,M_NAME,M_EMAIL,M_ENROLL_DATE,M_MODIFY_DATE,M_STATUS,R_CONF,M_ORIGIN_PF,M_STRE_PF,M_SORT_NO) values (13,'x_user02','탈퇴둘','x_user@aa.com',to_date('20/09/04','RR/MM/DD'),to_date('20/09/04','RR/MM/DD'),'N ','Y ',null,null,1);
Insert into HONEYPOINT.TB_MEMBER (M_NO,M_ID,M_NAME,M_EMAIL,M_ENROLL_DATE,M_MODIFY_DATE,M_STATUS,R_CONF,M_ORIGIN_PF,M_STRE_PF,M_SORT_NO) values (14,'x_user03','탈퇴셋','x_user@aa.com',to_date('20/09/04','RR/MM/DD'),to_date('20/09/04','RR/MM/DD'),'N ','Y ',null,null,2);
Insert into HONEYPOINT.TB_MEMBER (M_NO,M_ID,M_NAME,M_EMAIL,M_ENROLL_DATE,M_MODIFY_DATE,M_STATUS,R_CONF,M_ORIGIN_PF,M_STRE_PF,M_SORT_NO) values (15,'x_user04','탈퇴넷','x_user@aa.com',to_date('20/09/04','RR/MM/DD'),to_date('20/09/04','RR/MM/DD'),'N ','Y ',null,null,1);
Insert into HONEYPOINT.TB_MEMBER (M_NO,M_ID,M_NAME,M_EMAIL,M_ENROLL_DATE,M_MODIFY_DATE,M_STATUS,R_CONF,M_ORIGIN_PF,M_STRE_PF,M_SORT_NO) values (16,'x_user05','탈퇴다섯','x_user@aa.com',to_date('20/09/04','RR/MM/DD'),to_date('20/09/04','RR/MM/DD'),'N ','Y ',null,null,2);
Insert into HONEYPOINT.TB_MEMBER (M_NO,M_ID,M_NAME,M_EMAIL,M_ENROLL_DATE,M_MODIFY_DATE,M_STATUS,R_CONF,M_ORIGIN_PF,M_STRE_PF,M_SORT_NO) values (17,'x_user06','탈퇴여섯','x_user@aa.com',to_date('20/09/04','RR/MM/DD'),to_date('20/09/04','RR/MM/DD'),'N ','Y ',null,null,2);
Insert into HONEYPOINT.TB_MEMBER (M_NO,M_ID,M_NAME,M_EMAIL,M_ENROLL_DATE,M_MODIFY_DATE,M_STATUS,R_CONF,M_ORIGIN_PF,M_STRE_PF,M_SORT_NO) values (18,'x_user07','탈퇴일곱','x_user@aa.com',to_date('20/09/04','RR/MM/DD'),to_date('20/09/04','RR/MM/DD'),'N ','Y ',null,null,2);
Insert into HONEYPOINT.TB_MEMBER (M_NO,M_ID,M_NAME,M_EMAIL,M_ENROLL_DATE,M_MODIFY_DATE,M_STATUS,R_CONF,M_ORIGIN_PF,M_STRE_PF,M_SORT_NO) values (19,'x_user08','탈퇴여덞','x_user@aa.com',to_date('20/09/04','RR/MM/DD'),to_date('20/09/04','RR/MM/DD'),'N ','Y ',null,null,2);
Insert into HONEYPOINT.TB_MEMBER (M_NO,M_ID,M_NAME,M_EMAIL,M_ENROLL_DATE,M_MODIFY_DATE,M_STATUS,R_CONF,M_ORIGIN_PF,M_STRE_PF,M_SORT_NO) values (20,'x_user09','탈퇴아홉','x_user@aa.com',to_date('20/09/04','RR/MM/DD'),to_date('20/09/04','RR/MM/DD'),'N ','Y ',null,null,3);
Insert into HONEYPOINT.TB_MEMBER (M_NO,M_ID,M_NAME,M_EMAIL,M_ENROLL_DATE,M_MODIFY_DATE,M_STATUS,R_CONF,M_ORIGIN_PF,M_STRE_PF,M_SORT_NO) values (21,'x_user10','탈퇴열','x_user@aa.com',to_date('20/09/04','RR/MM/DD'),to_date('20/09/04','RR/MM/DD'),'N ','Y ',null,null,3);
Insert into HONEYPOINT.TB_MEMBER (M_NO,M_ID,M_NAME,M_EMAIL,M_ENROLL_DATE,M_MODIFY_DATE,M_STATUS,R_CONF,M_ORIGIN_PF,M_STRE_PF,M_SORT_NO) values (22,'x_user11','탈퇴열하나','x_user@aa.com',to_date('20/09/04','RR/MM/DD'),to_date('20/09/04','RR/MM/DD'),'N ','Y ',null,null,3);
Insert into HONEYPOINT.TB_MEMBER (M_NO,M_ID,M_NAME,M_EMAIL,M_ENROLL_DATE,M_MODIFY_DATE,M_STATUS,R_CONF,M_ORIGIN_PF,M_STRE_PF,M_SORT_NO) values (23,'x_user12','탈퇴십이','x_user@aa.com',to_date('20/09/04','RR/MM/DD'),to_date('20/09/04','RR/MM/DD'),'N ','Y ',null,null,3);
Insert into HONEYPOINT.TB_MEMBER (M_NO,M_ID,M_NAME,M_EMAIL,M_ENROLL_DATE,M_MODIFY_DATE,M_STATUS,R_CONF,M_ORIGIN_PF,M_STRE_PF,M_SORT_NO) values (24,'report01','신고일','report01@aa.com',to_date('20/09/07','RR/MM/DD'),to_date('20/09/07','RR/MM/DD'),'N ','Y ',null,null,1);
Insert into HONEYPOINT.TB_MEMBER (M_NO,M_ID,M_NAME,M_EMAIL,M_ENROLL_DATE,M_MODIFY_DATE,M_STATUS,R_CONF,M_ORIGIN_PF,M_STRE_PF,M_SORT_NO) values (25,'report02','신고이','report02@aa.com',to_date('20/09/07','RR/MM/DD'),to_date('20/09/07','RR/MM/DD'),'Y ','Y ',null,null,1);
Insert into HONEYPOINT.TB_MEMBER (M_NO,M_ID,M_NAME,M_EMAIL,M_ENROLL_DATE,M_MODIFY_DATE,M_STATUS,R_CONF,M_ORIGIN_PF,M_STRE_PF,M_SORT_NO) values (26,'report03','신고삼','report03@aa.com',to_date('20/09/07','RR/MM/DD'),to_date('20/09/07','RR/MM/DD'),'N ','Y ',null,null,2);
Insert into HONEYPOINT.TB_MEMBER (M_NO,M_ID,M_NAME,M_EMAIL,M_ENROLL_DATE,M_MODIFY_DATE,M_STATUS,R_CONF,M_ORIGIN_PF,M_STRE_PF,M_SORT_NO) values (27,'report04','신고사','report04@aa.com',to_date('20/09/07','RR/MM/DD'),to_date('20/09/07','RR/MM/DD'),'Y ','Y ',null,null,2);
Insert into HONEYPOINT.TB_MEMBER (M_NO,M_ID,M_NAME,M_EMAIL,M_ENROLL_DATE,M_MODIFY_DATE,M_STATUS,R_CONF,M_ORIGIN_PF,M_STRE_PF,M_SORT_NO) values (50,'rstrnt01','일맛집','rstrnt01@aa.com',to_date('20/09/08','RR/MM/DD'),to_date('20/09/08','RR/MM/DD'),'Y ','Y ',null,null,2);
Insert into HONEYPOINT.TB_MEMBER (M_NO,M_ID,M_NAME,M_EMAIL,M_ENROLL_DATE,M_MODIFY_DATE,M_STATUS,R_CONF,M_ORIGIN_PF,M_STRE_PF,M_SORT_NO) values (51,'rstrnt02','이맛집','rstrnt02@aa.com',to_date('20/09/08','RR/MM/DD'),to_date('20/09/08','RR/MM/DD'),'Y ','Y ',null,null,2);
Insert into HONEYPOINT.TB_MEMBER (M_NO,M_ID,M_NAME,M_EMAIL,M_ENROLL_DATE,M_MODIFY_DATE,M_STATUS,R_CONF,M_ORIGIN_PF,M_STRE_PF,M_SORT_NO) values (52,'rstrnt03','삼맛집','rstrnt03@aa.com',to_date('20/09/08','RR/MM/DD'),to_date('20/09/08','RR/MM/DD'),'Y ','Y ',null,null,2);
Insert into HONEYPOINT.TB_MEMBER (M_NO,M_ID,M_NAME,M_EMAIL,M_ENROLL_DATE,M_MODIFY_DATE,M_STATUS,R_CONF,M_ORIGIN_PF,M_STRE_PF,M_SORT_NO) values (53,'rstrnt04','사맛집','rstrnt04@aa.com',to_date('20/09/08','RR/MM/DD'),to_date('20/09/08','RR/MM/DD'),'Y ','Y ',null,null,2);
Insert into HONEYPOINT.TB_MEMBER (M_NO,M_ID,M_NAME,M_EMAIL,M_ENROLL_DATE,M_MODIFY_DATE,M_STATUS,R_CONF,M_ORIGIN_PF,M_STRE_PF,M_SORT_NO) values (54,'rstrnt05','오맛집','rstrnt05@aa.com',to_date('20/09/08','RR/MM/DD'),to_date('20/09/08','RR/MM/DD'),'Y ','Y ',null,null,2);
Insert into HONEYPOINT.TB_MEMBER (M_NO,M_ID,M_NAME,M_EMAIL,M_ENROLL_DATE,M_MODIFY_DATE,M_STATUS,R_CONF,M_ORIGIN_PF,M_STRE_PF,M_SORT_NO) values (55,'rstrnt06','육맛집','rstrnt06@aaocm',to_date('20/09/08','RR/MM/DD'),to_date('20/09/08','RR/MM/DD'),'Y ','Y ',null,null,2);
Insert into HONEYPOINT.TB_MEMBER (M_NO,M_ID,M_NAME,M_EMAIL,M_ENROLL_DATE,M_MODIFY_DATE,M_STATUS,R_CONF,M_ORIGIN_PF,M_STRE_PF,M_SORT_NO) values (56,'rstrnt07','칠맛집','rstrnt07@aa.com',to_date('20/09/08','RR/MM/DD'),to_date('20/09/08','RR/MM/DD'),'Y ','Y ',null,null,2);
Insert into HONEYPOINT.TB_MEMBER (M_NO,M_ID,M_NAME,M_EMAIL,M_ENROLL_DATE,M_MODIFY_DATE,M_STATUS,R_CONF,M_ORIGIN_PF,M_STRE_PF,M_SORT_NO) values (57,'rstrnt08','팔맛집','rstrnt08@aa.com',to_date('20/09/08','RR/MM/DD'),to_date('20/09/08','RR/MM/DD'),'Y ','Y ',null,null,2);
Insert into HONEYPOINT.TB_MEMBER (M_NO,M_ID,M_NAME,M_EMAIL,M_ENROLL_DATE,M_MODIFY_DATE,M_STATUS,R_CONF,M_ORIGIN_PF,M_STRE_PF,M_SORT_NO) values (58,'rstrnt09','구맛집','rstrnt09@aa.com',to_date('20/09/08','RR/MM/DD'),to_date('20/09/08','RR/MM/DD'),'Y ','Y ',null,null,2);
Insert into HONEYPOINT.TB_MEMBER (M_NO,M_ID,M_NAME,M_EMAIL,M_ENROLL_DATE,M_MODIFY_DATE,M_STATUS,R_CONF,M_ORIGIN_PF,M_STRE_PF,M_SORT_NO) values (59,'rstrnt10','십맛집','rstrnt10@aa.com',to_date('20/09/08','RR/MM/DD'),to_date('20/09/08','RR/MM/DD'),'Y ','Y ',null,null,2);
Insert into HONEYPOINT.TB_MEMBER (M_NO,M_ID,M_NAME,M_EMAIL,M_ENROLL_DATE,M_MODIFY_DATE,M_STATUS,R_CONF,M_ORIGIN_PF,M_STRE_PF,M_SORT_NO) values (60,'rstrnt11','십일맛집','rstrnt11@aa.com',to_date('20/09/08','RR/MM/DD'),to_date('20/09/08','RR/MM/DD'),'Y ','Y ',null,null,2);
REM INSERTING into HONEYPOINT.TB_MEMBER_SORT
SET DEFINE OFF;
Insert into HONEYPOINT.TB_MEMBER_SORT (M_SORT_NO,M_SORT_CN) values (1,'일반회원');
Insert into HONEYPOINT.TB_MEMBER_SORT (M_SORT_NO,M_SORT_CN) values (2,'맛집회원');
Insert into HONEYPOINT.TB_MEMBER_SORT (M_SORT_NO,M_SORT_CN) values (3,'관리자');
REM INSERTING into HONEYPOINT.TB_MEM_SECSN
SET DEFINE OFF;
Insert into HONEYPOINT.TB_MEM_SECSN (M_SECSN,M_SECSN_DE,M_NO) values ('1',to_date('20/09/03','RR/MM/DD'),12);
Insert into HONEYPOINT.TB_MEM_SECSN (M_SECSN,M_SECSN_DE,M_NO) values ('1',to_date('20/08/15','RR/MM/DD'),13);
Insert into HONEYPOINT.TB_MEM_SECSN (M_SECSN,M_SECSN_DE,M_NO) values ('2',to_date('20/09/05','RR/MM/DD'),14);
Insert into HONEYPOINT.TB_MEM_SECSN (M_SECSN,M_SECSN_DE,M_NO) values ('1',to_date('20/09/05','RR/MM/DD'),15);
Insert into HONEYPOINT.TB_MEM_SECSN (M_SECSN,M_SECSN_DE,M_NO) values ('3',to_date('20/09/05','RR/MM/DD'),16);
Insert into HONEYPOINT.TB_MEM_SECSN (M_SECSN,M_SECSN_DE,M_NO) values ('3',to_date('20/09/05','RR/MM/DD'),17);
Insert into HONEYPOINT.TB_MEM_SECSN (M_SECSN,M_SECSN_DE,M_NO) values ('4',to_date('20/09/05','RR/MM/DD'),18);
Insert into HONEYPOINT.TB_MEM_SECSN (M_SECSN,M_SECSN_DE,M_NO) values ('4',to_date('20/09/05','RR/MM/DD'),19);
Insert into HONEYPOINT.TB_MEM_SECSN (M_SECSN,M_SECSN_DE,M_NO) values ('5',to_date('20/08/31','RR/MM/DD'),20);
Insert into HONEYPOINT.TB_MEM_SECSN (M_SECSN,M_SECSN_DE,M_NO) values ('5',to_date('20/09/01','RR/MM/DD'),21);
Insert into HONEYPOINT.TB_MEM_SECSN (M_SECSN,M_SECSN_DE,M_NO) values ('4',to_date('20/09/02','RR/MM/DD'),22);
Insert into HONEYPOINT.TB_MEM_SECSN (M_SECSN,M_SECSN_DE,M_NO) values ('2',to_date('20/09/01','RR/MM/DD'),12);
REM INSERTING into HONEYPOINT.TB_MEM_SECSN_CN
SET DEFINE OFF;
Insert into HONEYPOINT.TB_MEM_SECSN_CN (M_SECSN,M_SECSN_CN) values (1,'[회원] 사이트를 자주 이용하지 않습니다.');
Insert into HONEYPOINT.TB_MEM_SECSN_CN (M_SECSN,M_SECSN_CN) values (2,'[회원] 이용하고자 하는 맛집의 정보가 부족합니다.');
Insert into HONEYPOINT.TB_MEM_SECSN_CN (M_SECSN,M_SECSN_CN) values (3,'[맛집] 맛집을 더이상 운영하지 않습니다.');
Insert into HONEYPOINT.TB_MEM_SECSN_CN (M_SECSN,M_SECSN_CN) values (4,'[시스템] 탈퇴 후 다시 가입할 예정입니다.');
Insert into HONEYPOINT.TB_MEM_SECSN_CN (M_SECSN,M_SECSN_CN) values (5,'기타');
REM INSERTING into HONEYPOINT.TB_M_PASSWORD
SET DEFINE OFF;
REM INSERTING into HONEYPOINT.TB_PHOTOFILES
SET DEFINE OFF;
REM INSERTING into HONEYPOINT.TB_POINT
SET DEFINE OFF;
REM INSERTING into HONEYPOINT.TB_RECOMEND_RSTRNT
SET DEFINE OFF;
REM INSERTING into HONEYPOINT.TB_RECOMEND_RSTRNT_CTGRY
SET DEFINE OFF;
REM INSERTING into HONEYPOINT.TB_REFND_DTLS
SET DEFINE OFF;
REM INSERTING into HONEYPOINT.TB_REPORT
SET DEFINE OFF;
Insert into HONEYPOINT.TB_REPORT (RPT_NO,M_ID,RPT_CAT_NO,TARGET_CATEGORY,TARGET_ID,RPT_DATE,RPT_RESULT,RPT_REF,RPT_RESN_ETC,TARGET_NO) values (2,'user02',2,2,'report02',to_date('20/09/01','RR/MM/DD'),'N ',1,'게시글 신고 사유',25);
Insert into HONEYPOINT.TB_REPORT (RPT_NO,M_ID,RPT_CAT_NO,TARGET_CATEGORY,TARGET_ID,RPT_DATE,RPT_RESULT,RPT_REF,RPT_RESN_ETC,TARGET_NO) values (1,'user03',3,3,'report03',to_date('20/08/20','RR/MM/DD'),'N ',1,'댓글 신고 사유',26);
Insert into HONEYPOINT.TB_REPORT (RPT_NO,M_ID,RPT_CAT_NO,TARGET_CATEGORY,TARGET_ID,RPT_DATE,RPT_RESULT,RPT_REF,RPT_RESN_ETC,TARGET_NO) values (4,'user04',1,1,'report04',to_date('20/09/06','RR/MM/DD'),'N ',1,'게시글 신고 사유',27);
Insert into HONEYPOINT.TB_REPORT (RPT_NO,M_ID,RPT_CAT_NO,TARGET_CATEGORY,TARGET_ID,RPT_DATE,RPT_RESULT,RPT_REF,RPT_RESN_ETC,TARGET_NO) values (3,'user03',1,1,'report01',to_date('20/09/05','RR/MM/DD'),'N ',1,'리뷰 신고 사유',24);
REM INSERTING into HONEYPOINT.TB_REPORT_RESN
SET DEFINE OFF;
Insert into HONEYPOINT.TB_REPORT_RESN (RPT_CAT_NO,RPT_RESN) values (1,'욕설 및 음담패설');
Insert into HONEYPOINT.TB_REPORT_RESN (RPT_CAT_NO,RPT_RESN) values (2,'허위 광고');
Insert into HONEYPOINT.TB_REPORT_RESN (RPT_CAT_NO,RPT_RESN) values (3,'기타');
REM INSERTING into HONEYPOINT.TB_RESVE
SET DEFINE OFF;
REM INSERTING into HONEYPOINT.TB_RESVE_SCHDUL
SET DEFINE OFF;
REM INSERTING into HONEYPOINT.TB_REVIEW
SET DEFINE OFF;
REM INSERTING into HONEYPOINT.TB_REVIEW_IMAGE_LIST
SET DEFINE OFF;
REM INSERTING into HONEYPOINT.TB_RSTRNT_INFO
SET DEFINE OFF;
Insert into HONEYPOINT.TB_RSTRNT_INFO (R_NO,M_NO,R_TEL,R_TYPE,R_NAME,R_ADDRESS,R_TAG,R_PRICE,R_PARKING,R_START_TIME,R_END_TIME,R_RATING,R_INTRO,RESVE_YN,R_REST_DAY,R_CONFM,R_STATUS,R_COUNT,R_O_ADDRESS) values (3,50,'0222222222','분식','삼식당','서울시 서초구 서초동',null,10000,'Y ','9','22',null,null,'N ','N','Y ','Y ',1,'12345');
Insert into HONEYPOINT.TB_RSTRNT_INFO (R_NO,M_NO,R_TEL,R_TYPE,R_NAME,R_ADDRESS,R_TAG,R_PRICE,R_PARKING,R_START_TIME,R_END_TIME,R_RATING,R_INTRO,RESVE_YN,R_REST_DAY,R_CONFM,R_STATUS,R_COUNT,R_O_ADDRESS) values (1,51,'0211111111','한식','일식당','서울시 강남구 역삼동',null,10000,'Y ','9','22',null,null,'N ','N','Y ','Y ',1,'12345');
Insert into HONEYPOINT.TB_RSTRNT_INFO (R_NO,M_NO,R_TEL,R_TYPE,R_NAME,R_ADDRESS,R_TAG,R_PRICE,R_PARKING,R_START_TIME,R_END_TIME,R_RATING,R_INTRO,RESVE_YN,R_REST_DAY,R_CONFM,R_STATUS,R_COUNT,R_O_ADDRESS) values (2,52,'0222222222','중식','이식당','서울시 서초구 방배동',null,10000,'Y ','9','22',null,null,'N ','N','Y ','Y ',1,'12345');
Insert into HONEYPOINT.TB_RSTRNT_INFO (R_NO,M_NO,R_TEL,R_TYPE,R_NAME,R_ADDRESS,R_TAG,R_PRICE,R_PARKING,R_START_TIME,R_END_TIME,R_RATING,R_INTRO,RESVE_YN,R_REST_DAY,R_CONFM,R_STATUS,R_COUNT,R_O_ADDRESS) values (4,53,'0222222222','주점','사식당','서울시 송파구 석촌동',null,10000,'Y ','9','22',null,null,'N ','N','Y ','Y ',1,'12345');
Insert into HONEYPOINT.TB_RSTRNT_INFO (R_NO,M_NO,R_TEL,R_TYPE,R_NAME,R_ADDRESS,R_TAG,R_PRICE,R_PARKING,R_START_TIME,R_END_TIME,R_RATING,R_INTRO,RESVE_YN,R_REST_DAY,R_CONFM,R_STATUS,R_COUNT,R_O_ADDRESS) values (5,54,'0222222222','주점','오식당','서울시 송파구 장지동',null,10000,'Y ','9','22',null,null,'N ','N','Y ','Y ',1,'12345');
Insert into HONEYPOINT.TB_RSTRNT_INFO (R_NO,M_NO,R_TEL,R_TYPE,R_NAME,R_ADDRESS,R_TAG,R_PRICE,R_PARKING,R_START_TIME,R_END_TIME,R_RATING,R_INTRO,RESVE_YN,R_REST_DAY,R_CONFM,R_STATUS,R_COUNT,R_O_ADDRESS) values (6,55,'0222222222','한식','육식당','서울시 송파구 문정동',null,10000,'Y ','9','22',null,null,'N ','N','Y ','Y ',1,'12345');
Insert into HONEYPOINT.TB_RSTRNT_INFO (R_NO,M_NO,R_TEL,R_TYPE,R_NAME,R_ADDRESS,R_TAG,R_PRICE,R_PARKING,R_START_TIME,R_END_TIME,R_RATING,R_INTRO,RESVE_YN,R_REST_DAY,R_CONFM,R_STATUS,R_COUNT,R_O_ADDRESS) values (7,56,'0222222222','고기','칠식당','서울시 노원구 월계동',null,10000,'Y ','9','22',null,null,'N ','N','Y ','Y ',1,'12345');
Insert into HONEYPOINT.TB_RSTRNT_INFO (R_NO,M_NO,R_TEL,R_TYPE,R_NAME,R_ADDRESS,R_TAG,R_PRICE,R_PARKING,R_START_TIME,R_END_TIME,R_RATING,R_INTRO,RESVE_YN,R_REST_DAY,R_CONFM,R_STATUS,R_COUNT,R_O_ADDRESS) values (8,57,'0222222222','중식','팔식당','서울시 노원구 상계동',null,10000,'Y ','9','22',null,null,'N ','N','Y ','Y ',1,'12345');
Insert into HONEYPOINT.TB_RSTRNT_INFO (R_NO,M_NO,R_TEL,R_TYPE,R_NAME,R_ADDRESS,R_TAG,R_PRICE,R_PARKING,R_START_TIME,R_END_TIME,R_RATING,R_INTRO,RESVE_YN,R_REST_DAY,R_CONFM,R_STATUS,R_COUNT,R_O_ADDRESS) values (9,58,'0222222222','일식','구식당','경기도 성남시 수정구 시흥동',null,10000,'Y ','9','22',null,null,'N ','N','Y ','Y ',1,'12345');
Insert into HONEYPOINT.TB_RSTRNT_INFO (R_NO,M_NO,R_TEL,R_TYPE,R_NAME,R_ADDRESS,R_TAG,R_PRICE,R_PARKING,R_START_TIME,R_END_TIME,R_RATING,R_INTRO,RESVE_YN,R_REST_DAY,R_CONFM,R_STATUS,R_COUNT,R_O_ADDRESS) values (10,59,'0222222222','중식','십식당','경기도 성남시 분당구 백현동',null,10000,'Y ','9','22',null,null,'N ','N','Y ','Y ',1,'12345');
Insert into HONEYPOINT.TB_RSTRNT_INFO (R_NO,M_NO,R_TEL,R_TYPE,R_NAME,R_ADDRESS,R_TAG,R_PRICE,R_PARKING,R_START_TIME,R_END_TIME,R_RATING,R_INTRO,RESVE_YN,R_REST_DAY,R_CONFM,R_STATUS,R_COUNT,R_O_ADDRESS) values (11,60,'0222222222','중식','십일식당','인천시 남동구 논현동',null,10000,'Y ','9','22',null,null,'N ','N','Y ','Y ',1,'12345');
Insert into HONEYPOINT.TB_RSTRNT_INFO (R_NO,M_NO,R_TEL,R_TYPE,R_NAME,R_ADDRESS,R_TAG,R_PRICE,R_PARKING,R_START_TIME,R_END_TIME,R_RATING,R_INTRO,RESVE_YN,R_REST_DAY,R_CONFM,R_STATUS,R_COUNT,R_O_ADDRESS) values (12,61,'0222222222','주점','거절하나','서울시 서초구 서초동',null,10000,'Y ','9','22',null,null,'N ','N','Y ','X ',1,'12345');
Insert into HONEYPOINT.TB_RSTRNT_INFO (R_NO,M_NO,R_TEL,R_TYPE,R_NAME,R_ADDRESS,R_TAG,R_PRICE,R_PARKING,R_START_TIME,R_END_TIME,R_RATING,R_INTRO,RESVE_YN,R_REST_DAY,R_CONFM,R_STATUS,R_COUNT,R_O_ADDRESS) values (13,62,'0222222222','한식','거절둘','서울시 강남구 역삼동',null,10000,'Y ','9','22',null,null,'N ','N','Y ','X ',1,'12345');
Insert into HONEYPOINT.TB_RSTRNT_INFO (R_NO,M_NO,R_TEL,R_TYPE,R_NAME,R_ADDRESS,R_TAG,R_PRICE,R_PARKING,R_START_TIME,R_END_TIME,R_RATING,R_INTRO,RESVE_YN,R_REST_DAY,R_CONFM,R_STATUS,R_COUNT,R_O_ADDRESS) values (14,63,'0222222222','고기','거절셋','서울시 서초구 방배동',null,10000,'Y ','9','22',null,null,'N ','N','Y ','X ',1,'12345');
Insert into HONEYPOINT.TB_RSTRNT_INFO (R_NO,M_NO,R_TEL,R_TYPE,R_NAME,R_ADDRESS,R_TAG,R_PRICE,R_PARKING,R_START_TIME,R_END_TIME,R_RATING,R_INTRO,RESVE_YN,R_REST_DAY,R_CONFM,R_STATUS,R_COUNT,R_O_ADDRESS) values (15,64,'0222222222','중식','거절넷','서울시 송파구 석촌동',null,10000,'Y ','9','22',null,null,'N ','N','Y ','N ',1,'12345');
Insert into HONEYPOINT.TB_RSTRNT_INFO (R_NO,M_NO,R_TEL,R_TYPE,R_NAME,R_ADDRESS,R_TAG,R_PRICE,R_PARKING,R_START_TIME,R_END_TIME,R_RATING,R_INTRO,RESVE_YN,R_REST_DAY,R_CONFM,R_STATUS,R_COUNT,R_O_ADDRESS) values (16,65,'0222222222','일식','거절다섯','서울시 송파구 장지동',null,10000,'Y ','9','22',null,null,'N ','N','Y ','N ',1,'12345');
Insert into HONEYPOINT.TB_RSTRNT_INFO (R_NO,M_NO,R_TEL,R_TYPE,R_NAME,R_ADDRESS,R_TAG,R_PRICE,R_PARKING,R_START_TIME,R_END_TIME,R_RATING,R_INTRO,RESVE_YN,R_REST_DAY,R_CONFM,R_STATUS,R_COUNT,R_O_ADDRESS) values (17,66,'0222222222','주점','거절여섯
','서울시 서초구 서초동',null,10000,'Y ','9','22',null,null,'N ','N','Y ','N ',1,'12345');
Insert into HONEYPOINT.TB_RSTRNT_INFO (R_NO,M_NO,R_TEL,R_TYPE,R_NAME,R_ADDRESS,R_TAG,R_PRICE,R_PARKING,R_START_TIME,R_END_TIME,R_RATING,R_INTRO,RESVE_YN,R_REST_DAY,R_CONFM,R_STATUS,R_COUNT,R_O_ADDRESS) values (18,67,'0222222222','한식','거절일곱','서울시 강남구 역삼동',null,10000,'Y ','9','22',null,null,'N ','N','Y ','N ',1,'12345');
Insert into HONEYPOINT.TB_RSTRNT_INFO (R_NO,M_NO,R_TEL,R_TYPE,R_NAME,R_ADDRESS,R_TAG,R_PRICE,R_PARKING,R_START_TIME,R_END_TIME,R_RATING,R_INTRO,RESVE_YN,R_REST_DAY,R_CONFM,R_STATUS,R_COUNT,R_O_ADDRESS) values (19,68,'0222222222','고기','거절여덟','서울시 서초구 방배동',null,10000,'Y ','9','22',null,null,'N ','N','Y ','N ',1,'12345');
Insert into HONEYPOINT.TB_RSTRNT_INFO (R_NO,M_NO,R_TEL,R_TYPE,R_NAME,R_ADDRESS,R_TAG,R_PRICE,R_PARKING,R_START_TIME,R_END_TIME,R_RATING,R_INTRO,RESVE_YN,R_REST_DAY,R_CONFM,R_STATUS,R_COUNT,R_O_ADDRESS) values (20,69,'0222222222','중식','거절아홉','서울시 송파구 석촌동',null,10000,'Y ','9','22',null,null,'N ','N','Y ','N ',1,'12345');
Insert into HONEYPOINT.TB_RSTRNT_INFO (R_NO,M_NO,R_TEL,R_TYPE,R_NAME,R_ADDRESS,R_TAG,R_PRICE,R_PARKING,R_START_TIME,R_END_TIME,R_RATING,R_INTRO,RESVE_YN,R_REST_DAY,R_CONFM,R_STATUS,R_COUNT,R_O_ADDRESS) values (21,70,'0222222222','일식','거절열','서울시 송파구 장지동',null,10000,'Y ','9','22',null,null,'N ','N','Y ','N ',1,'12345');
Insert into HONEYPOINT.TB_RSTRNT_INFO (R_NO,M_NO,R_TEL,R_TYPE,R_NAME,R_ADDRESS,R_TAG,R_PRICE,R_PARKING,R_START_TIME,R_END_TIME,R_RATING,R_INTRO,RESVE_YN,R_REST_DAY,R_CONFM,R_STATUS,R_COUNT,R_O_ADDRESS) values (22,71,'0222222222','주점','수락일','서울시 서초구 서초동',null,10000,'Y ','9','22',null,null,'N ','N','Y ','X ',1,'12345');
Insert into HONEYPOINT.TB_RSTRNT_INFO (R_NO,M_NO,R_TEL,R_TYPE,R_NAME,R_ADDRESS,R_TAG,R_PRICE,R_PARKING,R_START_TIME,R_END_TIME,R_RATING,R_INTRO,RESVE_YN,R_REST_DAY,R_CONFM,R_STATUS,R_COUNT,R_O_ADDRESS) values (23,72,'0222222222','한식','수락둘','서울시 강남구 역삼동',null,10000,'Y ','9','22',null,null,'N ','N','Y ','Y ',1,'12345');
Insert into HONEYPOINT.TB_RSTRNT_INFO (R_NO,M_NO,R_TEL,R_TYPE,R_NAME,R_ADDRESS,R_TAG,R_PRICE,R_PARKING,R_START_TIME,R_END_TIME,R_RATING,R_INTRO,RESVE_YN,R_REST_DAY,R_CONFM,R_STATUS,R_COUNT,R_O_ADDRESS) values (24,73,'0222222222','고기','수락셋','서울시 서초구 방배동',null,10000,'Y ','9','22',null,null,'N ','N','Y ','Y ',1,'12345');
Insert into HONEYPOINT.TB_RSTRNT_INFO (R_NO,M_NO,R_TEL,R_TYPE,R_NAME,R_ADDRESS,R_TAG,R_PRICE,R_PARKING,R_START_TIME,R_END_TIME,R_RATING,R_INTRO,RESVE_YN,R_REST_DAY,R_CONFM,R_STATUS,R_COUNT,R_O_ADDRESS) values (25,74,'0222222222','중식','수락넷','서울시 송파구 석촌동',null,10000,'Y ','9','22',null,null,'N ','N','Y ','X ',1,'12345');
Insert into HONEYPOINT.TB_RSTRNT_INFO (R_NO,M_NO,R_TEL,R_TYPE,R_NAME,R_ADDRESS,R_TAG,R_PRICE,R_PARKING,R_START_TIME,R_END_TIME,R_RATING,R_INTRO,RESVE_YN,R_REST_DAY,R_CONFM,R_STATUS,R_COUNT,R_O_ADDRESS) values (26,75,'0222222222','일식','수락다섯','서울시 송파구 장지동',null,10000,'Y ','9','22',null,null,'N ','N','Y ','Y ',1,'12345');
REM INSERTING into HONEYPOINT.TB_R_RETURN
SET DEFINE OFF;
Insert into HONEYPOINT.TB_R_RETURN (R_RETURN_CN,R_RETURN_DATE,M_NO) values ('존재하지 않는 업체',to_date('20/09/01','RR/MM/DD'),61);
Insert into HONEYPOINT.TB_R_RETURN (R_RETURN_CN,R_RETURN_DATE,M_NO) values ('적합하지 않은 분류',to_date('20/09/03','RR/MM/DD'),62);
Insert into HONEYPOINT.TB_R_RETURN (R_RETURN_CN,R_RETURN_DATE,M_NO) values ('폐업',to_date('20/09/08','RR/MM/DD'),63);
REM INSERTING into HONEYPOINT.TB_SEARCH
SET DEFINE OFF;
REM INSERTING into HONEYPOINT.TB_SETLE
SET DEFINE OFF;
REM INSERTING into HONEYPOINT.TB_TMPR_REST_DAY
SET DEFINE OFF;
REM INSERTING into HONEYPOINT.UPDATE_REQUEST
SET DEFINE OFF;
--------------------------------------------------------
--  DDL for Index PK_TB_SEARCH
--------------------------------------------------------

  CREATE UNIQUE INDEX "HONEYPOINT"."PK_TB_SEARCH" ON "HONEYPOINT"."TB_SEARCH" ("SEARCH_ID") 
  PCTFREE 10 INITRANS 2 MAXTRANS 255 COMPUTE STATISTICS 
  STORAGE(INITIAL 65536 NEXT 1048576 MINEXTENTS 1 MAXEXTENTS 2147483645
  PCTINCREASE 0 FREELISTS 1 FREELIST GROUPS 1 BUFFER_POOL DEFAULT FLASH_CACHE DEFAULT CELL_FLASH_CACHE DEFAULT)
  TABLESPACE "SYSTEM" ;
--------------------------------------------------------
--  DDL for Index PK_TB_FAVOR
--------------------------------------------------------

  CREATE UNIQUE INDEX "HONEYPOINT"."PK_TB_FAVOR" ON "HONEYPOINT"."TB_FAVOR" ("R_NO", "M_NO") 
  PCTFREE 10 INITRANS 2 MAXTRANS 255 COMPUTE STATISTICS 
  STORAGE(INITIAL 65536 NEXT 1048576 MINEXTENTS 1 MAXEXTENTS 2147483645
  PCTINCREASE 0 FREELISTS 1 FREELIST GROUPS 1 BUFFER_POOL DEFAULT FLASH_CACHE DEFAULT CELL_FLASH_CACHE DEFAULT)
  TABLESPACE "SYSTEM" ;
--------------------------------------------------------
--  DDL for Index PK_TB_M_PASSWORD
--------------------------------------------------------

  CREATE UNIQUE INDEX "HONEYPOINT"."PK_TB_M_PASSWORD" ON "HONEYPOINT"."TB_M_PASSWORD" ("M_NO") 
  PCTFREE 10 INITRANS 2 MAXTRANS 255 COMPUTE STATISTICS 
  STORAGE(INITIAL 65536 NEXT 1048576 MINEXTENTS 1 MAXEXTENTS 2147483645
  PCTINCREASE 0 FREELISTS 1 FREELIST GROUPS 1 BUFFER_POOL DEFAULT FLASH_CACHE DEFAULT CELL_FLASH_CACHE DEFAULT)
  TABLESPACE "SYSTEM" ;
--------------------------------------------------------
--  DDL for Index PK_TB_BANNER_FILE
--------------------------------------------------------

  CREATE UNIQUE INDEX "HONEYPOINT"."PK_TB_BANNER_FILE" ON "HONEYPOINT"."TB_BANNER_FILE" ("BNR_NO") 
  PCTFREE 10 INITRANS 2 MAXTRANS 255 COMPUTE STATISTICS 
  STORAGE(INITIAL 65536 NEXT 1048576 MINEXTENTS 1 MAXEXTENTS 2147483645
  PCTINCREASE 0 FREELISTS 1 FREELIST GROUPS 1 BUFFER_POOL DEFAULT FLASH_CACHE DEFAULT CELL_FLASH_CACHE DEFAULT)
  TABLESPACE "SYSTEM" ;
--------------------------------------------------------
--  DDL for Index PK_TB_RECOMEND_RSTRNT_CTGRY
--------------------------------------------------------

  CREATE UNIQUE INDEX "HONEYPOINT"."PK_TB_RECOMEND_RSTRNT_CTGRY" ON "HONEYPOINT"."TB_RECOMEND_RSTRNT_CTGRY" ("Key") 
  PCTFREE 10 INITRANS 2 MAXTRANS 255 COMPUTE STATISTICS 
  STORAGE(INITIAL 65536 NEXT 1048576 MINEXTENTS 1 MAXEXTENTS 2147483645
  PCTINCREASE 0 FREELISTS 1 FREELIST GROUPS 1 BUFFER_POOL DEFAULT FLASH_CACHE DEFAULT CELL_FLASH_CACHE DEFAULT)
  TABLESPACE "SYSTEM" ;
--------------------------------------------------------
--  DDL for Index PK_TB_AUTH
--------------------------------------------------------

  CREATE UNIQUE INDEX "HONEYPOINT"."PK_TB_AUTH" ON "HONEYPOINT"."TB_AUTH" ("MENU_ID") 
  PCTFREE 10 INITRANS 2 MAXTRANS 255 COMPUTE STATISTICS 
  STORAGE(INITIAL 65536 NEXT 1048576 MINEXTENTS 1 MAXEXTENTS 2147483645
  PCTINCREASE 0 FREELISTS 1 FREELIST GROUPS 1 BUFFER_POOL DEFAULT FLASH_CACHE DEFAULT CELL_FLASH_CACHE DEFAULT)
  TABLESPACE "SYSTEM" ;
--------------------------------------------------------
--  DDL for Index PK_TB_GNRL _MEMBER
--------------------------------------------------------

  CREATE UNIQUE INDEX "HONEYPOINT"."PK_TB_GNRL _MEMBER" ON "HONEYPOINT"."TB_GNRL_MEMBER" ("M_NO") 
  PCTFREE 10 INITRANS 2 MAXTRANS 255 COMPUTE STATISTICS 
  STORAGE(INITIAL 65536 NEXT 1048576 MINEXTENTS 1 MAXEXTENTS 2147483645
  PCTINCREASE 0 FREELISTS 1 FREELIST GROUPS 1 BUFFER_POOL DEFAULT FLASH_CACHE DEFAULT CELL_FLASH_CACHE DEFAULT)
  TABLESPACE "SYSTEM" ;
--------------------------------------------------------
--  DDL for Index PK_TB_RESVE_SCHDUL
--------------------------------------------------------

  CREATE UNIQUE INDEX "HONEYPOINT"."PK_TB_RESVE_SCHDUL" ON "HONEYPOINT"."TB_RESVE_SCHDUL" ("RESVE_NO", "R_NO") 
  PCTFREE 10 INITRANS 2 MAXTRANS 255 COMPUTE STATISTICS 
  STORAGE(INITIAL 65536 NEXT 1048576 MINEXTENTS 1 MAXEXTENTS 2147483645
  PCTINCREASE 0 FREELISTS 1 FREELIST GROUPS 1 BUFFER_POOL DEFAULT FLASH_CACHE DEFAULT CELL_FLASH_CACHE DEFAULT)
  TABLESPACE "SYSTEM" ;
--------------------------------------------------------
--  DDL for Index PK_TB_POINT
--------------------------------------------------------

  CREATE UNIQUE INDEX "HONEYPOINT"."PK_TB_POINT" ON "HONEYPOINT"."TB_POINT" ("POINT_NO") 
  PCTFREE 10 INITRANS 2 MAXTRANS 255 COMPUTE STATISTICS 
  STORAGE(INITIAL 65536 NEXT 1048576 MINEXTENTS 1 MAXEXTENTS 2147483645
  PCTINCREASE 0 FREELISTS 1 FREELIST GROUPS 1 BUFFER_POOL DEFAULT FLASH_CACHE DEFAULT CELL_FLASH_CACHE DEFAULT)
  TABLESPACE "SYSTEM" ;
--------------------------------------------------------
--  DDL for Index PK_TB_SETLE
--------------------------------------------------------

  CREATE UNIQUE INDEX "HONEYPOINT"."PK_TB_SETLE" ON "HONEYPOINT"."TB_SETLE" ("SETLE_NO") 
  PCTFREE 10 INITRANS 2 MAXTRANS 255 COMPUTE STATISTICS 
  STORAGE(INITIAL 65536 NEXT 1048576 MINEXTENTS 1 MAXEXTENTS 2147483645
  PCTINCREASE 0 FREELISTS 1 FREELIST GROUPS 1 BUFFER_POOL DEFAULT FLASH_CACHE DEFAULT CELL_FLASH_CACHE DEFAULT)
  TABLESPACE "SYSTEM" ;
--------------------------------------------------------
--  DDL for Index PK_TB_LOGIN_HISTORY
--------------------------------------------------------

  CREATE UNIQUE INDEX "HONEYPOINT"."PK_TB_LOGIN_HISTORY" ON "HONEYPOINT"."TB_LOGIN_HISTORY" ("M_NO") 
  PCTFREE 10 INITRANS 2 MAXTRANS 255 COMPUTE STATISTICS 
  STORAGE(INITIAL 65536 NEXT 1048576 MINEXTENTS 1 MAXEXTENTS 2147483645
  PCTINCREASE 0 FREELISTS 1 FREELIST GROUPS 1 BUFFER_POOL DEFAULT FLASH_CACHE DEFAULT CELL_FLASH_CACHE DEFAULT)
  TABLESPACE "SYSTEM" ;
--------------------------------------------------------
--  DDL for Index PK_TB_BOARD_COMMENT
--------------------------------------------------------

  CREATE UNIQUE INDEX "HONEYPOINT"."PK_TB_BOARD_COMMENT" ON "HONEYPOINT"."TB_BOARD_COMMENT" ("CMT_NO") 
  PCTFREE 10 INITRANS 2 MAXTRANS 255 COMPUTE STATISTICS 
  STORAGE(INITIAL 65536 NEXT 1048576 MINEXTENTS 1 MAXEXTENTS 2147483645
  PCTINCREASE 0 FREELISTS 1 FREELIST GROUPS 1 BUFFER_POOL DEFAULT FLASH_CACHE DEFAULT CELL_FLASH_CACHE DEFAULT)
  TABLESPACE "SYSTEM" ;
--------------------------------------------------------
--  DDL for Index PK_TB_REVIEW
--------------------------------------------------------

  CREATE UNIQUE INDEX "HONEYPOINT"."PK_TB_REVIEW" ON "HONEYPOINT"."TB_REVIEW" ("REV_NO") 
  PCTFREE 10 INITRANS 2 MAXTRANS 255 COMPUTE STATISTICS 
  STORAGE(INITIAL 65536 NEXT 1048576 MINEXTENTS 1 MAXEXTENTS 2147483645
  PCTINCREASE 0 FREELISTS 1 FREELIST GROUPS 1 BUFFER_POOL DEFAULT FLASH_CACHE DEFAULT CELL_FLASH_CACHE DEFAULT)
  TABLESPACE "SYSTEM" ;
--------------------------------------------------------
--  DDL for Index PK_UPDATE_REQUEST
--------------------------------------------------------

  CREATE UNIQUE INDEX "HONEYPOINT"."PK_UPDATE_REQUEST" ON "HONEYPOINT"."UPDATE_REQUEST" ("REQUST_NO") 
  PCTFREE 10 INITRANS 2 MAXTRANS 255 COMPUTE STATISTICS 
  STORAGE(INITIAL 65536 NEXT 1048576 MINEXTENTS 1 MAXEXTENTS 2147483645
  PCTINCREASE 0 FREELISTS 1 FREELIST GROUPS 1 BUFFER_POOL DEFAULT FLASH_CACHE DEFAULT CELL_FLASH_CACHE DEFAULT)
  TABLESPACE "SYSTEM" ;
--------------------------------------------------------
--  DDL for Index PK_TB_REFND_DTLS
--------------------------------------------------------

  CREATE UNIQUE INDEX "HONEYPOINT"."PK_TB_REFND_DTLS" ON "HONEYPOINT"."TB_REFND_DTLS" ("SETLE_NO") 
  PCTFREE 10 INITRANS 2 MAXTRANS 255 COMPUTE STATISTICS 
  STORAGE(INITIAL 65536 NEXT 1048576 MINEXTENTS 1 MAXEXTENTS 2147483645
  PCTINCREASE 0 FREELISTS 1 FREELIST GROUPS 1 BUFFER_POOL DEFAULT FLASH_CACHE DEFAULT CELL_FLASH_CACHE DEFAULT)
  TABLESPACE "SYSTEM" ;
--------------------------------------------------------
--  DDL for Index PK_TB_REPORT
--------------------------------------------------------

  CREATE UNIQUE INDEX "HONEYPOINT"."PK_TB_REPORT" ON "HONEYPOINT"."TB_REPORT" ("RPT_NO") 
  PCTFREE 10 INITRANS 2 MAXTRANS 255 COMPUTE STATISTICS 
  STORAGE(INITIAL 65536 NEXT 1048576 MINEXTENTS 1 MAXEXTENTS 2147483645
  PCTINCREASE 0 FREELISTS 1 FREELIST GROUPS 1 BUFFER_POOL DEFAULT FLASH_CACHE DEFAULT CELL_FLASH_CACHE DEFAULT)
  TABLESPACE "SYSTEM" ;
--------------------------------------------------------
--  DDL for Index PK_TB_BANNER
--------------------------------------------------------

  CREATE UNIQUE INDEX "HONEYPOINT"."PK_TB_BANNER" ON "HONEYPOINT"."TB_BANNER" ("BNR_NO") 
  PCTFREE 10 INITRANS 2 MAXTRANS 255 COMPUTE STATISTICS 
  STORAGE(INITIAL 65536 NEXT 1048576 MINEXTENTS 1 MAXEXTENTS 2147483645
  PCTINCREASE 0 FREELISTS 1 FREELIST GROUPS 1 BUFFER_POOL DEFAULT FLASH_CACHE DEFAULT CELL_FLASH_CACHE DEFAULT)
  TABLESPACE "SYSTEM" ;
--------------------------------------------------------
--  DDL for Index PK_TB_ALL_INQRY
--------------------------------------------------------

  CREATE UNIQUE INDEX "HONEYPOINT"."PK_TB_ALL_INQRY" ON "HONEYPOINT"."TB_ALL_INQRY" ("I_NO") 
  PCTFREE 10 INITRANS 2 MAXTRANS 255 COMPUTE STATISTICS 
  STORAGE(INITIAL 65536 NEXT 1048576 MINEXTENTS 1 MAXEXTENTS 2147483645
  PCTINCREASE 0 FREELISTS 1 FREELIST GROUPS 1 BUFFER_POOL DEFAULT FLASH_CACHE DEFAULT CELL_FLASH_CACHE DEFAULT)
  TABLESPACE "SYSTEM" ;
--------------------------------------------------------
--  DDL for Index PK_TB_REVIEW_IMAGE_LIST
--------------------------------------------------------

  CREATE UNIQUE INDEX "HONEYPOINT"."PK_TB_REVIEW_IMAGE_LIST" ON "HONEYPOINT"."TB_REVIEW_IMAGE_LIST" ("FILE_NO") 
  PCTFREE 10 INITRANS 2 MAXTRANS 255 COMPUTE STATISTICS 
  STORAGE(INITIAL 65536 NEXT 1048576 MINEXTENTS 1 MAXEXTENTS 2147483645
  PCTINCREASE 0 FREELISTS 1 FREELIST GROUPS 1 BUFFER_POOL DEFAULT FLASH_CACHE DEFAULT CELL_FLASH_CACHE DEFAULT)
  TABLESPACE "SYSTEM" ;
--------------------------------------------------------
--  DDL for Index PK_TB_RSTRNT_INFO
--------------------------------------------------------

  CREATE UNIQUE INDEX "HONEYPOINT"."PK_TB_RSTRNT_INFO" ON "HONEYPOINT"."TB_RSTRNT_INFO" ("R_NO") 
  PCTFREE 10 INITRANS 2 MAXTRANS 255 COMPUTE STATISTICS 
  STORAGE(INITIAL 65536 NEXT 1048576 MINEXTENTS 1 MAXEXTENTS 2147483645
  PCTINCREASE 0 FREELISTS 1 FREELIST GROUPS 1 BUFFER_POOL DEFAULT FLASH_CACHE DEFAULT CELL_FLASH_CACHE DEFAULT)
  TABLESPACE "SYSTEM" ;
--------------------------------------------------------
--  DDL for Index PK_TB_BOARD
--------------------------------------------------------

  CREATE UNIQUE INDEX "HONEYPOINT"."PK_TB_BOARD" ON "HONEYPOINT"."TB_BOARD" ("B_NO") 
  PCTFREE 10 INITRANS 2 MAXTRANS 255 COMPUTE STATISTICS 
  STORAGE(INITIAL 65536 NEXT 1048576 MINEXTENTS 1 MAXEXTENTS 2147483645
  PCTINCREASE 0 FREELISTS 1 FREELIST GROUPS 1 BUFFER_POOL DEFAULT FLASH_CACHE DEFAULT CELL_FLASH_CACHE DEFAULT)
  TABLESPACE "SYSTEM" ;
--------------------------------------------------------
--  DDL for Index PK_TB_BOARD_FILE
--------------------------------------------------------

  CREATE UNIQUE INDEX "HONEYPOINT"."PK_TB_BOARD_FILE" ON "HONEYPOINT"."TB_BOARD_FILE" ("B_IMG_NO") 
  PCTFREE 10 INITRANS 2 MAXTRANS 255 COMPUTE STATISTICS 
  STORAGE(INITIAL 65536 NEXT 1048576 MINEXTENTS 1 MAXEXTENTS 2147483645
  PCTINCREASE 0 FREELISTS 1 FREELIST GROUPS 1 BUFFER_POOL DEFAULT FLASH_CACHE DEFAULT CELL_FLASH_CACHE DEFAULT)
  TABLESPACE "SYSTEM" ;
--------------------------------------------------------
--  DDL for Index PK_TB_PHOTOFILES
--------------------------------------------------------

  CREATE UNIQUE INDEX "HONEYPOINT"."PK_TB_PHOTOFILES" ON "HONEYPOINT"."TB_PHOTOFILES" ("R_PHOTO_FILE_ID", "R_NO") 
  PCTFREE 10 INITRANS 2 MAXTRANS 255 COMPUTE STATISTICS 
  STORAGE(INITIAL 65536 NEXT 1048576 MINEXTENTS 1 MAXEXTENTS 2147483645
  PCTINCREASE 0 FREELISTS 1 FREELIST GROUPS 1 BUFFER_POOL DEFAULT FLASH_CACHE DEFAULT CELL_FLASH_CACHE DEFAULT)
  TABLESPACE "SYSTEM" ;
--------------------------------------------------------
--  DDL for Index PK_TB_INQRY_REPLY
--------------------------------------------------------

  CREATE UNIQUE INDEX "HONEYPOINT"."PK_TB_INQRY_REPLY" ON "HONEYPOINT"."TB_INQRY_REPLY" ("RID") 
  PCTFREE 10 INITRANS 2 MAXTRANS 255 COMPUTE STATISTICS 
  STORAGE(INITIAL 65536 NEXT 1048576 MINEXTENTS 1 MAXEXTENTS 2147483645
  PCTINCREASE 0 FREELISTS 1 FREELIST GROUPS 1 BUFFER_POOL DEFAULT FLASH_CACHE DEFAULT CELL_FLASH_CACHE DEFAULT)
  TABLESPACE "SYSTEM" ;
--------------------------------------------------------
--  DDL for Index PK_TB_RECOMEND_RSTRNT
--------------------------------------------------------

  CREATE UNIQUE INDEX "HONEYPOINT"."PK_TB_RECOMEND_RSTRNT" ON "HONEYPOINT"."TB_RECOMEND_RSTRNT" ("RCMD_NO") 
  PCTFREE 10 INITRANS 2 MAXTRANS 255 COMPUTE STATISTICS 
  STORAGE(INITIAL 65536 NEXT 1048576 MINEXTENTS 1 MAXEXTENTS 2147483645
  PCTINCREASE 0 FREELISTS 1 FREELIST GROUPS 1 BUFFER_POOL DEFAULT FLASH_CACHE DEFAULT CELL_FLASH_CACHE DEFAULT)
  TABLESPACE "SYSTEM" ;
--------------------------------------------------------
--  DDL for Index PK_TB_MEMBER
--------------------------------------------------------

  CREATE UNIQUE INDEX "HONEYPOINT"."PK_TB_MEMBER" ON "HONEYPOINT"."TB_MEMBER" ("M_NO") 
  PCTFREE 10 INITRANS 2 MAXTRANS 255 COMPUTE STATISTICS 
  STORAGE(INITIAL 65536 NEXT 1048576 MINEXTENTS 1 MAXEXTENTS 2147483645
  PCTINCREASE 0 FREELISTS 1 FREELIST GROUPS 1 BUFFER_POOL DEFAULT FLASH_CACHE DEFAULT CELL_FLASH_CACHE DEFAULT)
  TABLESPACE "SYSTEM" ;
--------------------------------------------------------
--  DDL for Index PK_TB_MANAGER_MENU
--------------------------------------------------------

  CREATE UNIQUE INDEX "HONEYPOINT"."PK_TB_MANAGER_MENU" ON "HONEYPOINT"."TB_MANAGER_MENU" ("MENU_ID") 
  PCTFREE 10 INITRANS 2 MAXTRANS 255 COMPUTE STATISTICS 
  STORAGE(INITIAL 65536 NEXT 1048576 MINEXTENTS 1 MAXEXTENTS 2147483645
  PCTINCREASE 0 FREELISTS 1 FREELIST GROUPS 1 BUFFER_POOL DEFAULT FLASH_CACHE DEFAULT CELL_FLASH_CACHE DEFAULT)
  TABLESPACE "SYSTEM" ;
--------------------------------------------------------
--  DDL for Index PK_TB_REPORT_RESN
--------------------------------------------------------

  CREATE UNIQUE INDEX "HONEYPOINT"."PK_TB_REPORT_RESN" ON "HONEYPOINT"."TB_REPORT_RESN" ("RPT_CAT_NO") 
  PCTFREE 10 INITRANS 2 MAXTRANS 255 COMPUTE STATISTICS 
  STORAGE(INITIAL 65536 NEXT 1048576 MINEXTENTS 1 MAXEXTENTS 2147483645
  PCTINCREASE 0 FREELISTS 1 FREELIST GROUPS 1 BUFFER_POOL DEFAULT FLASH_CACHE DEFAULT CELL_FLASH_CACHE DEFAULT)
  TABLESPACE "SYSTEM" ;
--------------------------------------------------------
--  DDL for Index PK_TB_RESVE
--------------------------------------------------------

  CREATE UNIQUE INDEX "HONEYPOINT"."PK_TB_RESVE" ON "HONEYPOINT"."TB_RESVE" ("RESVE_NO") 
  PCTFREE 10 INITRANS 2 MAXTRANS 255 COMPUTE STATISTICS 
  STORAGE(INITIAL 65536 NEXT 1048576 MINEXTENTS 1 MAXEXTENTS 2147483645
  PCTINCREASE 0 FREELISTS 1 FREELIST GROUPS 1 BUFFER_POOL DEFAULT FLASH_CACHE DEFAULT CELL_FLASH_CACHE DEFAULT)
  TABLESPACE "SYSTEM" ;
--------------------------------------------------------
--  Constraints for Table TB_SEARCH
--------------------------------------------------------

  ALTER TABLE "HONEYPOINT"."TB_SEARCH" ADD CONSTRAINT "PK_TB_SEARCH" PRIMARY KEY ("SEARCH_ID")
  USING INDEX PCTFREE 10 INITRANS 2 MAXTRANS 255 COMPUTE STATISTICS 
  STORAGE(INITIAL 65536 NEXT 1048576 MINEXTENTS 1 MAXEXTENTS 2147483645
  PCTINCREASE 0 FREELISTS 1 FREELIST GROUPS 1 BUFFER_POOL DEFAULT FLASH_CACHE DEFAULT CELL_FLASH_CACHE DEFAULT)
  TABLESPACE "SYSTEM"  ENABLE;
  ALTER TABLE "HONEYPOINT"."TB_SEARCH" MODIFY ("SEARCH_ID" NOT NULL ENABLE);
--------------------------------------------------------
--  Constraints for Table TB_REVIEW_IMAGE_LIST
--------------------------------------------------------

  ALTER TABLE "HONEYPOINT"."TB_REVIEW_IMAGE_LIST" ADD CONSTRAINT "PK_TB_REVIEW_IMAGE_LIST" PRIMARY KEY ("FILE_NO")
  USING INDEX PCTFREE 10 INITRANS 2 MAXTRANS 255 COMPUTE STATISTICS 
  STORAGE(INITIAL 65536 NEXT 1048576 MINEXTENTS 1 MAXEXTENTS 2147483645
  PCTINCREASE 0 FREELISTS 1 FREELIST GROUPS 1 BUFFER_POOL DEFAULT FLASH_CACHE DEFAULT CELL_FLASH_CACHE DEFAULT)
  TABLESPACE "SYSTEM"  ENABLE;
  ALTER TABLE "HONEYPOINT"."TB_REVIEW_IMAGE_LIST" MODIFY ("REV_NO" NOT NULL ENABLE);
  ALTER TABLE "HONEYPOINT"."TB_REVIEW_IMAGE_LIST" MODIFY ("ATCHMNFL_COURS" NOT NULL ENABLE);
  ALTER TABLE "HONEYPOINT"."TB_REVIEW_IMAGE_LIST" MODIFY ("ORGINL_COURS" NOT NULL ENABLE);
  ALTER TABLE "HONEYPOINT"."TB_REVIEW_IMAGE_LIST" MODIFY ("FILE_NO" NOT NULL ENABLE);
--------------------------------------------------------
--  Constraints for Table TB_BOARD
--------------------------------------------------------

  ALTER TABLE "HONEYPOINT"."TB_BOARD" ADD CONSTRAINT "PK_TB_BOARD" PRIMARY KEY ("B_NO")
  USING INDEX PCTFREE 10 INITRANS 2 MAXTRANS 255 COMPUTE STATISTICS 
  STORAGE(INITIAL 65536 NEXT 1048576 MINEXTENTS 1 MAXEXTENTS 2147483645
  PCTINCREASE 0 FREELISTS 1 FREELIST GROUPS 1 BUFFER_POOL DEFAULT FLASH_CACHE DEFAULT CELL_FLASH_CACHE DEFAULT)
  TABLESPACE "SYSTEM"  ENABLE;
  ALTER TABLE "HONEYPOINT"."TB_BOARD" MODIFY ("B_CONTENT" NOT NULL ENABLE);
  ALTER TABLE "HONEYPOINT"."TB_BOARD" MODIFY ("B_TITLE" NOT NULL ENABLE);
  ALTER TABLE "HONEYPOINT"."TB_BOARD" MODIFY ("B_TYPE" NOT NULL ENABLE);
  ALTER TABLE "HONEYPOINT"."TB_BOARD" MODIFY ("M_NO" NOT NULL ENABLE);
  ALTER TABLE "HONEYPOINT"."TB_BOARD" MODIFY ("B_NO" NOT NULL ENABLE);
--------------------------------------------------------
--  Constraints for Table TB_ TMPR _REST_DAY
--------------------------------------------------------

  ALTER TABLE "HONEYPOINT"."TB_ TMPR _REST_DAY" MODIFY ("R_NO" NOT NULL ENABLE);
--------------------------------------------------------
--  Constraints for Table TB_MANAGER_MENU
--------------------------------------------------------

  ALTER TABLE "HONEYPOINT"."TB_MANAGER_MENU" MODIFY ("MENU_NM" NOT NULL ENABLE);
  ALTER TABLE "HONEYPOINT"."TB_MANAGER_MENU" MODIFY ("MENU_ID" NOT NULL ENABLE);
  ALTER TABLE "HONEYPOINT"."TB_MANAGER_MENU" ADD CONSTRAINT "PK_TB_MANAGER_MENU" PRIMARY KEY ("MENU_ID")
  USING INDEX PCTFREE 10 INITRANS 2 MAXTRANS 255 COMPUTE STATISTICS 
  STORAGE(INITIAL 65536 NEXT 1048576 MINEXTENTS 1 MAXEXTENTS 2147483645
  PCTINCREASE 0 FREELISTS 1 FREELIST GROUPS 1 BUFFER_POOL DEFAULT FLASH_CACHE DEFAULT CELL_FLASH_CACHE DEFAULT)
  TABLESPACE "SYSTEM"  ENABLE;
--------------------------------------------------------
--  Constraints for Table TB_RESVE_SCHDUL
--------------------------------------------------------

  ALTER TABLE "HONEYPOINT"."TB_RESVE_SCHDUL" ADD CONSTRAINT "PK_TB_RESVE_SCHDUL" PRIMARY KEY ("RESVE_NO", "R_NO")
  USING INDEX PCTFREE 10 INITRANS 2 MAXTRANS 255 COMPUTE STATISTICS 
  STORAGE(INITIAL 65536 NEXT 1048576 MINEXTENTS 1 MAXEXTENTS 2147483645
  PCTINCREASE 0 FREELISTS 1 FREELIST GROUPS 1 BUFFER_POOL DEFAULT FLASH_CACHE DEFAULT CELL_FLASH_CACHE DEFAULT)
  TABLESPACE "SYSTEM"  ENABLE;
  ALTER TABLE "HONEYPOINT"."TB_RESVE_SCHDUL" MODIFY ("R_RESVE" NOT NULL ENABLE);
  ALTER TABLE "HONEYPOINT"."TB_RESVE_SCHDUL" MODIFY ("R_NO" NOT NULL ENABLE);
  ALTER TABLE "HONEYPOINT"."TB_RESVE_SCHDUL" MODIFY ("RESVE_NO" NOT NULL ENABLE);
--------------------------------------------------------
--  Constraints for Table TB_MANAGER_HISTORY
--------------------------------------------------------

  ALTER TABLE "HONEYPOINT"."TB_MANAGER_HISTORY" MODIFY ("MNG_NO" NOT NULL ENABLE);
--------------------------------------------------------
--  Constraints for Table TB_BOARD_FILE
--------------------------------------------------------

  ALTER TABLE "HONEYPOINT"."TB_BOARD_FILE" ADD CONSTRAINT "PK_TB_BOARD_FILE" PRIMARY KEY ("B_IMG_NO")
  USING INDEX PCTFREE 10 INITRANS 2 MAXTRANS 255 COMPUTE STATISTICS 
  STORAGE(INITIAL 65536 NEXT 1048576 MINEXTENTS 1 MAXEXTENTS 2147483645
  PCTINCREASE 0 FREELISTS 1 FREELIST GROUPS 1 BUFFER_POOL DEFAULT FLASH_CACHE DEFAULT CELL_FLASH_CACHE DEFAULT)
  TABLESPACE "SYSTEM"  ENABLE;
  ALTER TABLE "HONEYPOINT"."TB_BOARD_FILE" MODIFY ("B_NO" NOT NULL ENABLE);
  ALTER TABLE "HONEYPOINT"."TB_BOARD_FILE" MODIFY ("B_IMG_NO" NOT NULL ENABLE);
--------------------------------------------------------
--  Constraints for Table TB_POINT
--------------------------------------------------------

  ALTER TABLE "HONEYPOINT"."TB_POINT" ADD CONSTRAINT "PK_TB_POINT" PRIMARY KEY ("POINT_NO")
  USING INDEX PCTFREE 10 INITRANS 2 MAXTRANS 255 COMPUTE STATISTICS 
  STORAGE(INITIAL 65536 NEXT 1048576 MINEXTENTS 1 MAXEXTENTS 2147483645
  PCTINCREASE 0 FREELISTS 1 FREELIST GROUPS 1 BUFFER_POOL DEFAULT FLASH_CACHE DEFAULT CELL_FLASH_CACHE DEFAULT)
  TABLESPACE "SYSTEM"  ENABLE;
  ALTER TABLE "HONEYPOINT"."TB_POINT" MODIFY ("SETLE_NO" NOT NULL ENABLE);
  ALTER TABLE "HONEYPOINT"."TB_POINT" MODIFY ("M_NO" NOT NULL ENABLE);
  ALTER TABLE "HONEYPOINT"."TB_POINT" MODIFY ("POINT_STATUS" NOT NULL ENABLE);
  ALTER TABLE "HONEYPOINT"."TB_POINT" MODIFY ("POINT_NO" NOT NULL ENABLE);
--------------------------------------------------------
--  Constraints for Table TB_MANAGER
--------------------------------------------------------

  ALTER TABLE "HONEYPOINT"."TB_MANAGER" MODIFY ("MNG_POSITION" NOT NULL ENABLE);
  ALTER TABLE "HONEYPOINT"."TB_MANAGER" MODIFY ("MNG_NM" NOT NULL ENABLE);
  ALTER TABLE "HONEYPOINT"."TB_MANAGER" MODIFY ("MNG_ID" NOT NULL ENABLE);
  ALTER TABLE "HONEYPOINT"."TB_MANAGER" MODIFY ("MNG_PWD" NOT NULL ENABLE);
--------------------------------------------------------
--  Constraints for Table TB_RSTRNT_INFO
--------------------------------------------------------

  ALTER TABLE "HONEYPOINT"."TB_RSTRNT_INFO" MODIFY ("R_END_TIME" NOT NULL ENABLE);
  ALTER TABLE "HONEYPOINT"."TB_RSTRNT_INFO" MODIFY ("R_START_TIME" NOT NULL ENABLE);
  ALTER TABLE "HONEYPOINT"."TB_RSTRNT_INFO" MODIFY ("R_O_ADDRESS" NOT NULL ENABLE);
  ALTER TABLE "HONEYPOINT"."TB_RSTRNT_INFO" ADD CONSTRAINT "PK_TB_RSTRNT_INFO" PRIMARY KEY ("R_NO")
  USING INDEX PCTFREE 10 INITRANS 2 MAXTRANS 255 COMPUTE STATISTICS 
  STORAGE(INITIAL 65536 NEXT 1048576 MINEXTENTS 1 MAXEXTENTS 2147483645
  PCTINCREASE 0 FREELISTS 1 FREELIST GROUPS 1 BUFFER_POOL DEFAULT FLASH_CACHE DEFAULT CELL_FLASH_CACHE DEFAULT)
  TABLESPACE "SYSTEM"  ENABLE;
  ALTER TABLE "HONEYPOINT"."TB_RSTRNT_INFO" MODIFY ("R_COUNT" NOT NULL ENABLE);
  ALTER TABLE "HONEYPOINT"."TB_RSTRNT_INFO" MODIFY ("R_STATUS" NOT NULL ENABLE);
  ALTER TABLE "HONEYPOINT"."TB_RSTRNT_INFO" MODIFY ("R_CONFM" NOT NULL ENABLE);
  ALTER TABLE "HONEYPOINT"."TB_RSTRNT_INFO" MODIFY ("RESVE_YN" NOT NULL ENABLE);
  ALTER TABLE "HONEYPOINT"."TB_RSTRNT_INFO" MODIFY ("R_PARKING" NOT NULL ENABLE);
  ALTER TABLE "HONEYPOINT"."TB_RSTRNT_INFO" MODIFY ("R_PRICE" NOT NULL ENABLE);
  ALTER TABLE "HONEYPOINT"."TB_RSTRNT_INFO" MODIFY ("R_ADDRESS" NOT NULL ENABLE);
  ALTER TABLE "HONEYPOINT"."TB_RSTRNT_INFO" MODIFY ("R_NAME" NOT NULL ENABLE);
  ALTER TABLE "HONEYPOINT"."TB_RSTRNT_INFO" MODIFY ("R_TYPE" NOT NULL ENABLE);
  ALTER TABLE "HONEYPOINT"."TB_RSTRNT_INFO" MODIFY ("R_TEL" NOT NULL ENABLE);
  ALTER TABLE "HONEYPOINT"."TB_RSTRNT_INFO" MODIFY ("R_NO" NOT NULL ENABLE);
--------------------------------------------------------
--  Constraints for Table UPDATE_REQUEST
--------------------------------------------------------

  ALTER TABLE "HONEYPOINT"."UPDATE_REQUEST" ADD CONSTRAINT "PK_UPDATE_REQUEST" PRIMARY KEY ("REQUST_NO")
  USING INDEX PCTFREE 10 INITRANS 2 MAXTRANS 255 COMPUTE STATISTICS 
  STORAGE(INITIAL 65536 NEXT 1048576 MINEXTENTS 1 MAXEXTENTS 2147483645
  PCTINCREASE 0 FREELISTS 1 FREELIST GROUPS 1 BUFFER_POOL DEFAULT FLASH_CACHE DEFAULT CELL_FLASH_CACHE DEFAULT)
  TABLESPACE "SYSTEM"  ENABLE;
  ALTER TABLE "HONEYPOINT"."UPDATE_REQUEST" MODIFY ("M_NO" NOT NULL ENABLE);
  ALTER TABLE "HONEYPOINT"."UPDATE_REQUEST" MODIFY ("R_NO" NOT NULL ENABLE);
  ALTER TABLE "HONEYPOINT"."UPDATE_REQUEST" MODIFY ("REQUST_STATUS" NOT NULL ENABLE);
  ALTER TABLE "HONEYPOINT"."UPDATE_REQUEST" MODIFY ("REQUST_CN" NOT NULL ENABLE);
  ALTER TABLE "HONEYPOINT"."UPDATE_REQUEST" MODIFY ("REQUST_NO" NOT NULL ENABLE);
--------------------------------------------------------
--  Constraints for Table TB_PHOTOFILES
--------------------------------------------------------

  ALTER TABLE "HONEYPOINT"."TB_PHOTOFILES" ADD CONSTRAINT "PK_TB_PHOTOFILES" PRIMARY KEY ("R_PHOTO_FILE_ID", "R_NO")
  USING INDEX PCTFREE 10 INITRANS 2 MAXTRANS 255 COMPUTE STATISTICS 
  STORAGE(INITIAL 65536 NEXT 1048576 MINEXTENTS 1 MAXEXTENTS 2147483645
  PCTINCREASE 0 FREELISTS 1 FREELIST GROUPS 1 BUFFER_POOL DEFAULT FLASH_CACHE DEFAULT CELL_FLASH_CACHE DEFAULT)
  TABLESPACE "SYSTEM"  ENABLE;
  ALTER TABLE "HONEYPOINT"."TB_PHOTOFILES" MODIFY ("IMG_TYPE" NOT NULL ENABLE);
  ALTER TABLE "HONEYPOINT"."TB_PHOTOFILES" MODIFY ("R_NO" NOT NULL ENABLE);
  ALTER TABLE "HONEYPOINT"."TB_PHOTOFILES" MODIFY ("R_PHOTO_FILE_ID" NOT NULL ENABLE);
--------------------------------------------------------
--  Constraints for Table TB_AUTH
--------------------------------------------------------

  ALTER TABLE "HONEYPOINT"."TB_AUTH" MODIFY ("MNG_NO" NOT NULL ENABLE);
  ALTER TABLE "HONEYPOINT"."TB_AUTH" MODIFY ("MENU_ID" NOT NULL ENABLE);
  ALTER TABLE "HONEYPOINT"."TB_AUTH" ADD CONSTRAINT "PK_TB_AUTH" PRIMARY KEY ("MENU_ID")
  USING INDEX PCTFREE 10 INITRANS 2 MAXTRANS 255 COMPUTE STATISTICS 
  STORAGE(INITIAL 65536 NEXT 1048576 MINEXTENTS 1 MAXEXTENTS 2147483645
  PCTINCREASE 0 FREELISTS 1 FREELIST GROUPS 1 BUFFER_POOL DEFAULT FLASH_CACHE DEFAULT CELL_FLASH_CACHE DEFAULT)
  TABLESPACE "SYSTEM"  ENABLE;
--------------------------------------------------------
--  Constraints for Table TB_INQRY_REPLY
--------------------------------------------------------

  ALTER TABLE "HONEYPOINT"."TB_INQRY_REPLY" ADD CONSTRAINT "PK_TB_INQRY_REPLY" PRIMARY KEY ("RID")
  USING INDEX PCTFREE 10 INITRANS 2 MAXTRANS 255 COMPUTE STATISTICS 
  STORAGE(INITIAL 65536 NEXT 1048576 MINEXTENTS 1 MAXEXTENTS 2147483645
  PCTINCREASE 0 FREELISTS 1 FREELIST GROUPS 1 BUFFER_POOL DEFAULT FLASH_CACHE DEFAULT CELL_FLASH_CACHE DEFAULT)
  TABLESPACE "SYSTEM"  ENABLE;
  ALTER TABLE "HONEYPOINT"."TB_INQRY_REPLY" MODIFY ("I_NO" NOT NULL ENABLE);
  ALTER TABLE "HONEYPOINT"."TB_INQRY_REPLY" MODIFY ("RID" NOT NULL ENABLE);
--------------------------------------------------------
--  Constraints for Table TB_REPORT_RESN
--------------------------------------------------------

  ALTER TABLE "HONEYPOINT"."TB_REPORT_RESN" ADD CONSTRAINT "PK_TB_REPORT_RESN" PRIMARY KEY ("RPT_CAT_NO")
  USING INDEX PCTFREE 10 INITRANS 2 MAXTRANS 255 COMPUTE STATISTICS 
  STORAGE(INITIAL 65536 NEXT 1048576 MINEXTENTS 1 MAXEXTENTS 2147483645
  PCTINCREASE 0 FREELISTS 1 FREELIST GROUPS 1 BUFFER_POOL DEFAULT FLASH_CACHE DEFAULT CELL_FLASH_CACHE DEFAULT)
  TABLESPACE "SYSTEM"  ENABLE;
  ALTER TABLE "HONEYPOINT"."TB_REPORT_RESN" MODIFY ("RPT_CAT_NO" NOT NULL ENABLE);
--------------------------------------------------------
--  Constraints for Table TB_REVIEW
--------------------------------------------------------

  ALTER TABLE "HONEYPOINT"."TB_REVIEW" ADD CONSTRAINT "PK_TB_REVIEW" PRIMARY KEY ("REV_NO")
  USING INDEX PCTFREE 10 INITRANS 2 MAXTRANS 255 COMPUTE STATISTICS 
  STORAGE(INITIAL 65536 NEXT 1048576 MINEXTENTS 1 MAXEXTENTS 2147483645
  PCTINCREASE 0 FREELISTS 1 FREELIST GROUPS 1 BUFFER_POOL DEFAULT FLASH_CACHE DEFAULT CELL_FLASH_CACHE DEFAULT)
  TABLESPACE "SYSTEM"  ENABLE;
  ALTER TABLE "HONEYPOINT"."TB_REVIEW" MODIFY ("M_NO" NOT NULL ENABLE);
  ALTER TABLE "HONEYPOINT"."TB_REVIEW" MODIFY ("R_NO" NOT NULL ENABLE);
  ALTER TABLE "HONEYPOINT"."TB_REVIEW" MODIFY ("REV_STATUS" NOT NULL ENABLE);
  ALTER TABLE "HONEYPOINT"."TB_REVIEW" MODIFY ("SCORE" NOT NULL ENABLE);
  ALTER TABLE "HONEYPOINT"."TB_REVIEW" MODIFY ("REV_CN" NOT NULL ENABLE);
  ALTER TABLE "HONEYPOINT"."TB_REVIEW" MODIFY ("REV_NO" NOT NULL ENABLE);
--------------------------------------------------------
--  Constraints for Table TB_FAVOR
--------------------------------------------------------

  ALTER TABLE "HONEYPOINT"."TB_FAVOR" ADD CONSTRAINT "PK_TB_FAVOR" PRIMARY KEY ("R_NO", "M_NO")
  USING INDEX PCTFREE 10 INITRANS 2 MAXTRANS 255 COMPUTE STATISTICS 
  STORAGE(INITIAL 65536 NEXT 1048576 MINEXTENTS 1 MAXEXTENTS 2147483645
  PCTINCREASE 0 FREELISTS 1 FREELIST GROUPS 1 BUFFER_POOL DEFAULT FLASH_CACHE DEFAULT CELL_FLASH_CACHE DEFAULT)
  TABLESPACE "SYSTEM"  ENABLE;
  ALTER TABLE "HONEYPOINT"."TB_FAVOR" MODIFY ("M_NO" NOT NULL ENABLE);
  ALTER TABLE "HONEYPOINT"."TB_FAVOR" MODIFY ("R_NO" NOT NULL ENABLE);
--------------------------------------------------------
--  Constraints for Table TB_RECOMEND_RSTRNT
--------------------------------------------------------

  ALTER TABLE "HONEYPOINT"."TB_RECOMEND_RSTRNT" ADD CONSTRAINT "PK_TB_RECOMEND_RSTRNT" PRIMARY KEY ("RCMD_NO")
  USING INDEX PCTFREE 10 INITRANS 2 MAXTRANS 255 COMPUTE STATISTICS 
  STORAGE(INITIAL 65536 NEXT 1048576 MINEXTENTS 1 MAXEXTENTS 2147483645
  PCTINCREASE 0 FREELISTS 1 FREELIST GROUPS 1 BUFFER_POOL DEFAULT FLASH_CACHE DEFAULT CELL_FLASH_CACHE DEFAULT)
  TABLESPACE "SYSTEM"  ENABLE;
  ALTER TABLE "HONEYPOINT"."TB_RECOMEND_RSTRNT" MODIFY ("R_NO" NOT NULL ENABLE);
  ALTER TABLE "HONEYPOINT"."TB_RECOMEND_RSTRNT" MODIFY ("RCMD_CAT_NO" NOT NULL ENABLE);
  ALTER TABLE "HONEYPOINT"."TB_RECOMEND_RSTRNT" MODIFY ("RCMD_STATUS" NOT NULL ENABLE);
  ALTER TABLE "HONEYPOINT"."TB_RECOMEND_RSTRNT" MODIFY ("RCMD_CN" NOT NULL ENABLE);
  ALTER TABLE "HONEYPOINT"."TB_RECOMEND_RSTRNT" MODIFY ("EDIT_SCORE" NOT NULL ENABLE);
  ALTER TABLE "HONEYPOINT"."TB_RECOMEND_RSTRNT" MODIFY ("EDIT_NM" NOT NULL ENABLE);
  ALTER TABLE "HONEYPOINT"."TB_RECOMEND_RSTRNT" MODIFY ("RCMD_NO" NOT NULL ENABLE);
--------------------------------------------------------
--  Constraints for Table TB_GNRL_MEMBER
--------------------------------------------------------

  ALTER TABLE "HONEYPOINT"."TB_GNRL_MEMBER" ADD CONSTRAINT "PK_TB_GNRL _MEMBER" PRIMARY KEY ("M_NO")
  USING INDEX PCTFREE 10 INITRANS 2 MAXTRANS 255 COMPUTE STATISTICS 
  STORAGE(INITIAL 65536 NEXT 1048576 MINEXTENTS 1 MAXEXTENTS 2147483645
  PCTINCREASE 0 FREELISTS 1 FREELIST GROUPS 1 BUFFER_POOL DEFAULT FLASH_CACHE DEFAULT CELL_FLASH_CACHE DEFAULT)
  TABLESPACE "SYSTEM"  ENABLE;
  ALTER TABLE "HONEYPOINT"."TB_GNRL_MEMBER" MODIFY ("M_POINT" NOT NULL ENABLE);
  ALTER TABLE "HONEYPOINT"."TB_GNRL_MEMBER" MODIFY ("M_GRAD" NOT NULL ENABLE);
  ALTER TABLE "HONEYPOINT"."TB_GNRL_MEMBER" MODIFY ("M_ADDRESS" NOT NULL ENABLE);
  ALTER TABLE "HONEYPOINT"."TB_GNRL_MEMBER" MODIFY ("M_PHONE" NOT NULL ENABLE);
  ALTER TABLE "HONEYPOINT"."TB_GNRL_MEMBER" MODIFY ("M_NO" NOT NULL ENABLE);
--------------------------------------------------------
--  Constraints for Table TB_BANNER_FILE
--------------------------------------------------------

  ALTER TABLE "HONEYPOINT"."TB_BANNER_FILE" MODIFY ("BNR_ID" NOT NULL ENABLE);
  ALTER TABLE "HONEYPOINT"."TB_BANNER_FILE" MODIFY ("BNR_NO" NOT NULL ENABLE);
  ALTER TABLE "HONEYPOINT"."TB_BANNER_FILE" ADD CONSTRAINT "PK_TB_BANNER_FILE" PRIMARY KEY ("BNR_NO")
  USING INDEX PCTFREE 10 INITRANS 2 MAXTRANS 255 COMPUTE STATISTICS 
  STORAGE(INITIAL 65536 NEXT 1048576 MINEXTENTS 1 MAXEXTENTS 2147483645
  PCTINCREASE 0 FREELISTS 1 FREELIST GROUPS 1 BUFFER_POOL DEFAULT FLASH_CACHE DEFAULT CELL_FLASH_CACHE DEFAULT)
  TABLESPACE "SYSTEM"  ENABLE;
--------------------------------------------------------
--  Constraints for Table TB_MEM_SECSN
--------------------------------------------------------

  ALTER TABLE "HONEYPOINT"."TB_MEM_SECSN" MODIFY ("M_NO" NOT NULL ENABLE);
--------------------------------------------------------
--  Constraints for Table TB_SETLE
--------------------------------------------------------

  ALTER TABLE "HONEYPOINT"."TB_SETLE" ADD CONSTRAINT "PK_TB_SETLE" PRIMARY KEY ("SETLE_NO")
  USING INDEX PCTFREE 10 INITRANS 2 MAXTRANS 255 COMPUTE STATISTICS 
  STORAGE(INITIAL 65536 NEXT 1048576 MINEXTENTS 1 MAXEXTENTS 2147483645
  PCTINCREASE 0 FREELISTS 1 FREELIST GROUPS 1 BUFFER_POOL DEFAULT FLASH_CACHE DEFAULT CELL_FLASH_CACHE DEFAULT)
  TABLESPACE "SYSTEM"  ENABLE;
  ALTER TABLE "HONEYPOINT"."TB_SETLE" MODIFY ("M_NO" NOT NULL ENABLE);
  ALTER TABLE "HONEYPOINT"."TB_SETLE" MODIFY ("RESVE_NO" NOT NULL ENABLE);
  ALTER TABLE "HONEYPOINT"."TB_SETLE" MODIFY ("REFND_AT" NOT NULL ENABLE);
  ALTER TABLE "HONEYPOINT"."TB_SETLE" MODIFY ("STPRC" NOT NULL ENABLE);
  ALTER TABLE "HONEYPOINT"."TB_SETLE" MODIFY ("SETLE_DE" NOT NULL ENABLE);
  ALTER TABLE "HONEYPOINT"."TB_SETLE" MODIFY ("SETLER" NOT NULL ENABLE);
  ALTER TABLE "HONEYPOINT"."TB_SETLE" MODIFY ("SETLE_NO" NOT NULL ENABLE);
--------------------------------------------------------
--  Constraints for Table TB_REPORT
--------------------------------------------------------

  ALTER TABLE "HONEYPOINT"."TB_REPORT" ADD CONSTRAINT "PK_TB_REPORT" PRIMARY KEY ("RPT_NO")
  USING INDEX PCTFREE 10 INITRANS 2 MAXTRANS 255 COMPUTE STATISTICS 
  STORAGE(INITIAL 65536 NEXT 1048576 MINEXTENTS 1 MAXEXTENTS 2147483645
  PCTINCREASE 0 FREELISTS 1 FREELIST GROUPS 1 BUFFER_POOL DEFAULT FLASH_CACHE DEFAULT CELL_FLASH_CACHE DEFAULT)
  TABLESPACE "SYSTEM"  ENABLE;
  ALTER TABLE "HONEYPOINT"."TB_REPORT" MODIFY ("RPT_REF" NOT NULL ENABLE);
  ALTER TABLE "HONEYPOINT"."TB_REPORT" MODIFY ("RPT_RESULT" NOT NULL ENABLE);
  ALTER TABLE "HONEYPOINT"."TB_REPORT" MODIFY ("RPT_DATE" NOT NULL ENABLE);
  ALTER TABLE "HONEYPOINT"."TB_REPORT" MODIFY ("TARGET_ID" NOT NULL ENABLE);
  ALTER TABLE "HONEYPOINT"."TB_REPORT" MODIFY ("RPT_CAT_NO" NOT NULL ENABLE);
  ALTER TABLE "HONEYPOINT"."TB_REPORT" MODIFY ("RPT_NO" NOT NULL ENABLE);
--------------------------------------------------------
--  Constraints for Table TB_REFND_DTLS
--------------------------------------------------------

  ALTER TABLE "HONEYPOINT"."TB_REFND_DTLS" ADD CONSTRAINT "PK_TB_REFND_DTLS" PRIMARY KEY ("SETLE_NO")
  USING INDEX PCTFREE 10 INITRANS 2 MAXTRANS 255 COMPUTE STATISTICS 
  STORAGE(INITIAL 65536 NEXT 1048576 MINEXTENTS 1 MAXEXTENTS 2147483645
  PCTINCREASE 0 FREELISTS 1 FREELIST GROUPS 1 BUFFER_POOL DEFAULT FLASH_CACHE DEFAULT CELL_FLASH_CACHE DEFAULT)
  TABLESPACE "SYSTEM"  ENABLE;
  ALTER TABLE "HONEYPOINT"."TB_REFND_DTLS" MODIFY ("R_NO" NOT NULL ENABLE);
  ALTER TABLE "HONEYPOINT"."TB_REFND_DTLS" MODIFY ("SETLE_NO" NOT NULL ENABLE);
--------------------------------------------------------
--  Constraints for Table TB_LOGIN_HISTORY
--------------------------------------------------------

  ALTER TABLE "HONEYPOINT"."TB_LOGIN_HISTORY" ADD CONSTRAINT "PK_TB_LOGIN_HISTORY" PRIMARY KEY ("M_NO")
  USING INDEX PCTFREE 10 INITRANS 2 MAXTRANS 255 COMPUTE STATISTICS 
  STORAGE(INITIAL 65536 NEXT 1048576 MINEXTENTS 1 MAXEXTENTS 2147483645
  PCTINCREASE 0 FREELISTS 1 FREELIST GROUPS 1 BUFFER_POOL DEFAULT FLASH_CACHE DEFAULT CELL_FLASH_CACHE DEFAULT)
  TABLESPACE "SYSTEM"  ENABLE;
  ALTER TABLE "HONEYPOINT"."TB_LOGIN_HISTORY" MODIFY ("M_NO" NOT NULL ENABLE);
--------------------------------------------------------
--  Constraints for Table TB_BANNER
--------------------------------------------------------

  ALTER TABLE "HONEYPOINT"."TB_BANNER" MODIFY ("BNR_ON" NOT NULL ENABLE);
  ALTER TABLE "HONEYPOINT"."TB_BANNER" MODIFY ("BNR_NO" NOT NULL ENABLE);
  ALTER TABLE "HONEYPOINT"."TB_BANNER" ADD CONSTRAINT "PK_TB_BANNER" PRIMARY KEY ("BNR_NO")
  USING INDEX PCTFREE 10 INITRANS 2 MAXTRANS 255 COMPUTE STATISTICS 
  STORAGE(INITIAL 65536 NEXT 1048576 MINEXTENTS 1 MAXEXTENTS 2147483645
  PCTINCREASE 0 FREELISTS 1 FREELIST GROUPS 1 BUFFER_POOL DEFAULT FLASH_CACHE DEFAULT CELL_FLASH_CACHE DEFAULT)
  TABLESPACE "SYSTEM"  ENABLE;
--------------------------------------------------------
--  Constraints for Table TB_R_RETURN
--------------------------------------------------------

  ALTER TABLE "HONEYPOINT"."TB_R_RETURN" MODIFY ("M_NO" NOT NULL ENABLE);
--------------------------------------------------------
--  Constraints for Table TB_BOARD_COMMENT
--------------------------------------------------------

  ALTER TABLE "HONEYPOINT"."TB_BOARD_COMMENT" ADD CONSTRAINT "PK_TB_BOARD_COMMENT" PRIMARY KEY ("CMT_NO")
  USING INDEX PCTFREE 10 INITRANS 2 MAXTRANS 255 COMPUTE STATISTICS 
  STORAGE(INITIAL 65536 NEXT 1048576 MINEXTENTS 1 MAXEXTENTS 2147483645
  PCTINCREASE 0 FREELISTS 1 FREELIST GROUPS 1 BUFFER_POOL DEFAULT FLASH_CACHE DEFAULT CELL_FLASH_CACHE DEFAULT)
  TABLESPACE "SYSTEM"  ENABLE;
  ALTER TABLE "HONEYPOINT"."TB_BOARD_COMMENT" MODIFY ("CMT_CONTENT" NOT NULL ENABLE);
  ALTER TABLE "HONEYPOINT"."TB_BOARD_COMMENT" MODIFY ("B_NO" NOT NULL ENABLE);
  ALTER TABLE "HONEYPOINT"."TB_BOARD_COMMENT" MODIFY ("M_NO2" NOT NULL ENABLE);
  ALTER TABLE "HONEYPOINT"."TB_BOARD_COMMENT" MODIFY ("CMT_NO" NOT NULL ENABLE);
--------------------------------------------------------
--  Constraints for Table TB_TMPR_REST_DAY
--------------------------------------------------------

  ALTER TABLE "HONEYPOINT"."TB_TMPR_REST_DAY" MODIFY ("R_NO" NOT NULL ENABLE);
--------------------------------------------------------
--  Constraints for Table TB_M_PASSWORD
--------------------------------------------------------

  ALTER TABLE "HONEYPOINT"."TB_M_PASSWORD" ADD CONSTRAINT "PK_TB_M_PASSWORD" PRIMARY KEY ("M_NO")
  USING INDEX PCTFREE 10 INITRANS 2 MAXTRANS 255 COMPUTE STATISTICS 
  STORAGE(INITIAL 65536 NEXT 1048576 MINEXTENTS 1 MAXEXTENTS 2147483645
  PCTINCREASE 0 FREELISTS 1 FREELIST GROUPS 1 BUFFER_POOL DEFAULT FLASH_CACHE DEFAULT CELL_FLASH_CACHE DEFAULT)
  TABLESPACE "SYSTEM"  ENABLE;
  ALTER TABLE "HONEYPOINT"."TB_M_PASSWORD" MODIFY ("M_PWD" NOT NULL ENABLE);
  ALTER TABLE "HONEYPOINT"."TB_M_PASSWORD" MODIFY ("M_NO" NOT NULL ENABLE);
--------------------------------------------------------
--  Constraints for Table TB_RECOMEND_RSTRNT_CTGRY
--------------------------------------------------------

  ALTER TABLE "HONEYPOINT"."TB_RECOMEND_RSTRNT_CTGRY" ADD CONSTRAINT "PK_TB_RECOMEND_RSTRNT_CTGRY" PRIMARY KEY ("Key")
  USING INDEX PCTFREE 10 INITRANS 2 MAXTRANS 255 COMPUTE STATISTICS 
  STORAGE(INITIAL 65536 NEXT 1048576 MINEXTENTS 1 MAXEXTENTS 2147483645
  PCTINCREASE 0 FREELISTS 1 FREELIST GROUPS 1 BUFFER_POOL DEFAULT FLASH_CACHE DEFAULT CELL_FLASH_CACHE DEFAULT)
  TABLESPACE "SYSTEM"  ENABLE;
  ALTER TABLE "HONEYPOINT"."TB_RECOMEND_RSTRNT_CTGRY" MODIFY ("Key" NOT NULL ENABLE);
--------------------------------------------------------
--  Constraints for Table TB_ALL_INQRY
--------------------------------------------------------

  ALTER TABLE "HONEYPOINT"."TB_ALL_INQRY" ADD CONSTRAINT "PK_TB_ALL_INQRY" PRIMARY KEY ("I_NO")
  USING INDEX PCTFREE 10 INITRANS 2 MAXTRANS 255 COMPUTE STATISTICS 
  STORAGE(INITIAL 65536 NEXT 1048576 MINEXTENTS 1 MAXEXTENTS 2147483645
  PCTINCREASE 0 FREELISTS 1 FREELIST GROUPS 1 BUFFER_POOL DEFAULT FLASH_CACHE DEFAULT CELL_FLASH_CACHE DEFAULT)
  TABLESPACE "SYSTEM"  ENABLE;
  ALTER TABLE "HONEYPOINT"."TB_ALL_INQRY" MODIFY ("INQRY_CONTENT" NOT NULL ENABLE);
  ALTER TABLE "HONEYPOINT"."TB_ALL_INQRY" MODIFY ("I_NO" NOT NULL ENABLE);
--------------------------------------------------------
--  Constraints for Table TB_MEMBER
--------------------------------------------------------

  ALTER TABLE "HONEYPOINT"."TB_MEMBER" ADD CONSTRAINT "PK_TB_MEMBER" PRIMARY KEY ("M_NO")
  USING INDEX PCTFREE 10 INITRANS 2 MAXTRANS 255 COMPUTE STATISTICS 
  STORAGE(INITIAL 65536 NEXT 1048576 MINEXTENTS 1 MAXEXTENTS 2147483645
  PCTINCREASE 0 FREELISTS 1 FREELIST GROUPS 1 BUFFER_POOL DEFAULT FLASH_CACHE DEFAULT CELL_FLASH_CACHE DEFAULT)
  TABLESPACE "SYSTEM"  ENABLE;
  ALTER TABLE "HONEYPOINT"."TB_MEMBER" MODIFY ("M_STATUS" NOT NULL ENABLE);
  ALTER TABLE "HONEYPOINT"."TB_MEMBER" MODIFY ("M_ENROLL_DATE" NOT NULL ENABLE);
  ALTER TABLE "HONEYPOINT"."TB_MEMBER" MODIFY ("M_EMAIL" NOT NULL ENABLE);
  ALTER TABLE "HONEYPOINT"."TB_MEMBER" MODIFY ("M_NAME" NOT NULL ENABLE);
  ALTER TABLE "HONEYPOINT"."TB_MEMBER" MODIFY ("M_ID" NOT NULL ENABLE);
  ALTER TABLE "HONEYPOINT"."TB_MEMBER" MODIFY ("M_NO" NOT NULL ENABLE);
--------------------------------------------------------
--  Constraints for Table TB_RESVE
--------------------------------------------------------

  ALTER TABLE "HONEYPOINT"."TB_RESVE" ADD CONSTRAINT "PK_TB_RESVE" PRIMARY KEY ("RESVE_NO")
  USING INDEX PCTFREE 10 INITRANS 2 MAXTRANS 255 COMPUTE STATISTICS 
  STORAGE(INITIAL 65536 NEXT 1048576 MINEXTENTS 1 MAXEXTENTS 2147483645
  PCTINCREASE 0 FREELISTS 1 FREELIST GROUPS 1 BUFFER_POOL DEFAULT FLASH_CACHE DEFAULT CELL_FLASH_CACHE DEFAULT)
  TABLESPACE "SYSTEM"  ENABLE;
  ALTER TABLE "HONEYPOINT"."TB_RESVE" MODIFY ("R_NO" NOT NULL ENABLE);
  ALTER TABLE "HONEYPOINT"."TB_RESVE" MODIFY ("REQUEST" NOT NULL ENABLE);
  ALTER TABLE "HONEYPOINT"."TB_RESVE" MODIFY ("VISITR_CO" NOT NULL ENABLE);
  ALTER TABLE "HONEYPOINT"."TB_RESVE" MODIFY ("RSVDE" NOT NULL ENABLE);
  ALTER TABLE "HONEYPOINT"."TB_RESVE" MODIFY ("RSVCTM" NOT NULL ENABLE);
  ALTER TABLE "HONEYPOINT"."TB_RESVE" MODIFY ("RESVE_NO" NOT NULL ENABLE);
